CREATE DATABASE  IF NOT EXISTS `dshop` /*!40100 DEFAULT CHARACTER SET utf8mb4 COLLATE utf8mb4_0900_ai_ci */ /*!80016 DEFAULT ENCRYPTION='N' */;
USE `dshop`;
-- MySQL dump 10.13  Distrib 8.0.32, for Win64 (x86_64)
--
-- Host: localhost    Database: dshop
-- ------------------------------------------------------
-- Server version	8.0.32

/*!40101 SET @OLD_CHARACTER_SET_CLIENT=@@CHARACTER_SET_CLIENT */;
/*!40101 SET @OLD_CHARACTER_SET_RESULTS=@@CHARACTER_SET_RESULTS */;
/*!40101 SET @OLD_COLLATION_CONNECTION=@@COLLATION_CONNECTION */;
/*!50503 SET NAMES utf8 */;
/*!40103 SET @OLD_TIME_ZONE=@@TIME_ZONE */;
/*!40103 SET TIME_ZONE='+00:00' */;
/*!40014 SET @OLD_UNIQUE_CHECKS=@@UNIQUE_CHECKS, UNIQUE_CHECKS=0 */;
/*!40014 SET @OLD_FOREIGN_KEY_CHECKS=@@FOREIGN_KEY_CHECKS, FOREIGN_KEY_CHECKS=0 */;
/*!40101 SET @OLD_SQL_MODE=@@SQL_MODE, SQL_MODE='NO_AUTO_VALUE_ON_ZERO' */;
/*!40111 SET @OLD_SQL_NOTES=@@SQL_NOTES, SQL_NOTES=0 */;

--
-- Table structure for table `brand`
--

DROP TABLE IF EXISTS `brand`;
/*!40101 SET @saved_cs_client     = @@character_set_client */;
/*!50503 SET character_set_client = utf8mb4 */;
CREATE TABLE `brand` (
  `id_brand` int NOT NULL AUTO_INCREMENT,
  `name_brand` varchar(255) NOT NULL,
  `img_brand` varchar(500) NOT NULL,
  `description_brand` text,
  `created_at` timestamp NOT NULL DEFAULT CURRENT_TIMESTAMP,
  `updated_at` timestamp NOT NULL DEFAULT CURRENT_TIMESTAMP ON UPDATE CURRENT_TIMESTAMP,
  `status` tinyint(1) DEFAULT NULL,
  PRIMARY KEY (`id_brand`)
) ENGINE=InnoDB AUTO_INCREMENT=53 DEFAULT CHARSET=utf8mb4 COLLATE=utf8mb4_0900_ai_ci;
/*!40101 SET character_set_client = @saved_cs_client */;

--
-- Dumping data for table `brand`
--

LOCK TABLES `brand` WRITE;
/*!40000 ALTER TABLE `brand` DISABLE KEYS */;
INSERT INTO `brand` VALUES (3,'Kaiyodo','uploads/kaiyodo.png','Hãng Kaiyodo','2023-05-17 06:12:49','2024-02-19 07:10:05',1),(4,'Good Smile Company','uploads/goodsmile.png','Hãng Good Smile Company','2023-05-17 06:12:49','2024-02-19 07:10:05',1),(5,'Max Factory','uploads/maxfactory.png','Hãng Max Factory','2023-05-17 06:12:49','2024-02-19 07:10:05',1),(6,'Aniplex','uploads/aniplex.png','Hãng Aniplex','2023-05-17 06:12:49','2024-02-19 07:10:05',1),(24,'Bandai Namco','uploads/bandai.png','Bandai Namco','2023-05-20 03:34:39','2024-02-24 09:23:38',1),(25,'Artspirit','uploads/artspirit.png','Artspirit','2023-05-20 03:35:10','2024-02-24 09:23:38',1);
/*!40000 ALTER TABLE `brand` ENABLE KEYS */;
UNLOCK TABLES;

--
-- Table structure for table `customer_shipping`
--

DROP TABLE IF EXISTS `customer_shipping`;
/*!40101 SET @saved_cs_client     = @@character_set_client */;
/*!50503 SET character_set_client = utf8mb4 */;
CREATE TABLE `customer_shipping` (
  `id_ship` int NOT NULL AUTO_INCREMENT,
  `name` varchar(255) NOT NULL,
  `email` varchar(255) NOT NULL,
  `phone` varchar(20) NOT NULL,
  `address` text,
  `created_at` timestamp NOT NULL DEFAULT CURRENT_TIMESTAMP,
  `updated_at` timestamp NOT NULL DEFAULT CURRENT_TIMESTAMP ON UPDATE CURRENT_TIMESTAMP,
  `note` text,
  `payment` varchar(45) DEFAULT NULL,
  PRIMARY KEY (`id_ship`)
) ENGINE=InnoDB AUTO_INCREMENT=173 DEFAULT CHARSET=utf8mb4 COLLATE=utf8mb4_0900_ai_ci;
/*!40101 SET character_set_client = @saved_cs_client */;

--
-- Dumping data for table `customer_shipping`
--

LOCK TABLES `customer_shipping` WRITE;
/*!40000 ALTER TABLE `customer_shipping` DISABLE KEYS */;
INSERT INTO `customer_shipping` VALUES (6,'Nguyễn Tiến Đạt','jfwhf@dh','0981215023','Hưng Yên','2023-05-24 02:43:51','2023-05-24 02:43:51','giao càng nhanh càng tốt','COD'),(7,'Bùi trần nguyên danh','jfwhf@dh','0981215023','Hưng Yên','2023-05-25 02:22:12','2024-05-10 14:33:14','kfk','MoMo'),(8,'Bùi trần nguyên danh','jfwhf@dh','0981215023','Hưng Yên','2023-05-26 08:51:42','2023-05-26 08:51:42','không có gì','MoMo'),(9,'Nguyễn Thái Bình','Binh12@gmail.com','0123456789','Thái Bình','2023-05-26 15:39:02','2023-05-26 15:39:02','ship càng nhanh càng tốt','MoMo'),(10,'Mai Thị Hường','Huong@gmail.com','0258741963','Hưng Yên','2023-05-26 15:42:54','2023-05-26 15:42:54','không có gì','COD'),(11,'Phạm Văn Của','cua@gmail.com','0789564213','Kim Động - Hưng Yên','2023-05-26 15:47:37','2023-05-26 15:47:37','không có gì','MoMo'),(12,'ad','admin@gmail.com','0198745632','Văn Lâm - Hưng Yên','2023-05-26 16:07:22','2023-05-26 16:07:22','anh1','MoMo'),(13,'Nguyễn Thái Bình','Binh12@gmail.com','0494899568','Thái Bình','2023-05-29 02:22:39','2024-05-19 08:34:04','không có gì','COD'),(56,'Đạt Nguyễn','abcx@gmail.com','0486158666','Hưng Yên','2024-01-03 13:13:17','2024-05-19 08:34:04','ss','COD'),(57,'Nguyễn Văn Hoàng','hoang@gmail.com','0123456789','Văn Giang - Hưng Yên','2024-01-03 13:20:25','2024-01-03 13:20:25','sss','COD'),(58,'Dũng Master','abcx@gmail.com','0558548489','Hưng Yên','2024-01-03 13:24:57','2024-05-19 08:34:04','sss','COD'),(59,'Đạt Nguyễn','abcx@gmail.com','0454816688','Hưng Yên','2024-01-03 13:44:02','2024-05-19 08:34:04','nhanh','COD'),(60,'Phạm Văn Của','cua@gmail.com','0789564213','Kim Động - Hưng Yên','2024-01-03 13:46:35','2024-01-03 13:46:35','s','COD'),(61,'Nguyễn Thái Bình','Binh12@gmail.com','0484932486','Thái Bình','2024-01-03 13:47:30','2024-05-19 08:34:04','giao cẩn thận','COD'),(63,'ssssssssssss','admin@gmail.com','0794628961','Văn Lâm - Hưng Yên','2024-01-03 13:54:14','2024-05-19 08:34:04','ffff','COD'),(64,'test','abcx@gmail.com','0394936566','Hưng Yên','2024-01-03 14:01:26','2024-05-19 08:34:04','dd','COD'),(65,'final test','RemiCaldwell8216@hihicute.com','0987654321','Hưng Yên','2024-01-03 14:27:19','2024-01-03 14:27:19','test','COD'),(66,'Nguyễn','abcx@gmail.com','0998864866','Hưng Yên','2024-01-03 14:28:22','2024-05-19 08:34:04','fff','COD'),(67,'hoàng','hoang@gmail.com','0123456789','Văn Giang - Hưng Yên','2024-01-05 03:47:24','2024-01-05 03:47:24','giao nhanh nhé','COD'),(155,'Nguyễn Văn A','nguyenvana@example.com','0987654321','123 Đường ABC, Quận XYZ, Thành phố HCM','2024-05-18 11:07:41','2024-05-18 11:07:41','Giao hàng vào buổi sáng','COD'),(156,'John Doe','john.doe@example.com','0149568763','123 Main St, City, Country','2024-05-18 11:17:42','2024-05-19 08:34:04','Please deliver in the morning','COD'),(157,'Nguyễn A','A.doe@example.com','0234567890','123 Main St, City, Country','2024-05-18 13:42:37','2024-05-18 13:42:37','test giảm số lượng','COD'),(159,'nguyễn tiến','test@gmail.com','0981215023','Hải Phòng','2024-05-18 14:02:41','2024-05-18 14:02:41','Hóng quá đi shop ơi','MoMo'),(160,'Danh Bùi','danhbui@gmail.com','0788978567','Phủ Cừ - Hưng Yên','2024-05-20 07:39:44','2024-05-20 07:39:44',NULL,'MoMo'),(161,'Hoàng Hà','datnguyenno0@gmail.com','0788888567','Quận 4 - Hồ Chí Minh','2024-05-20 09:06:43','2024-05-20 09:06:43','Hóng quá đi shop','MoMo'),(162,'Hoàng Hà','datnguyenno0@gmail.com','0788888567','Quận 4 - Hồ Chí Minh','2024-05-20 09:27:36','2024-05-20 09:27:36',NULL,'COD'),(163,'Nguyễn Hải','datnguyenno0@gmail.com','0988888567','Mỹ Hào - Hưng Yên','2024-05-20 09:33:18','2024-05-20 09:33:18','test mail','COD'),(164,'Nguyễn Hải','datnguyenno0@gmail.com','0988888567','Mỹ Hào - Hưng Yên','2024-05-20 09:34:23','2024-05-20 09:34:23','test mail 2','MoMo'),(165,'Nhật Anh','datnguyenno0@gmail.com','0988888888',' Hưng Yên','2024-05-20 09:36:59','2024-05-20 09:36:59',NULL,'MoMo'),(166,'Diệu Anh','datnguyenno0@gmail.com','0314948664',' Văn Giang - Hưng Yên','2024-05-20 09:38:55','2024-05-20 09:38:55',NULL,'COD'),(167,'Mai Nga','kainguyen107@gmail.com','0264949661','Như Quỳnh - Hưng Yên','2024-05-20 09:42:28','2024-05-20 09:42:28','final test mail','MoMo'),(168,'Mai Hường ','kainguyen107@gmail.com','0326975521','Hà Name','2024-05-20 09:51:57','2024-05-20 09:51:57',NULL,'COD'),(169,'test','admin@gmail.com','0987456322','Hải Phòng','2024-06-06 09:06:14','2024-06-06 09:06:14','test','COD'),(170,'tees','cadcda@gmail.com','0987456322','Hải Phòng','2024-06-09 10:53:10','2024-06-09 10:53:10','test','COD'),(171,'test final','datnguyenno0@gmail.com','0981215023','Văn Lâm - Hưng Yên','2024-06-11 16:02:02','2024-06-11 16:02:02','test','COD'),(172,'test lại final','datnguyenno0@gmail.com','0981215023','Văn Lâm - Hưng Yên','2024-06-11 16:19:31','2024-06-11 16:19:31','test lần cuối','COD');
/*!40000 ALTER TABLE `customer_shipping` ENABLE KEYS */;
UNLOCK TABLES;

--
-- Table structure for table `figure`
--

DROP TABLE IF EXISTS `figure`;
/*!40101 SET @saved_cs_client     = @@character_set_client */;
/*!50503 SET character_set_client = utf8mb4 */;
CREATE TABLE `figure` (
  `id` int NOT NULL AUTO_INCREMENT,
  `name` varchar(255) NOT NULL,
  `img` varchar(500) DEFAULT NULL,
  `description` text,
  `price` decimal(10,2) DEFAULT NULL,
  `promotionprice` decimal(10,2) DEFAULT NULL,
  `quantity` int NOT NULL,
  `figure_category_id` int NOT NULL,
  `brand_id` int NOT NULL,
  `created_at` timestamp NOT NULL DEFAULT CURRENT_TIMESTAMP,
  `updated_at` timestamp NOT NULL DEFAULT CURRENT_TIMESTAMP ON UPDATE CURRENT_TIMESTAMP,
  `warranty` int DEFAULT NULL,
  `status` tinyint(1) DEFAULT NULL,
  `views` int DEFAULT '0',
  PRIMARY KEY (`id`),
  KEY `figure_category_id` (`figure_category_id`),
  KEY `brand_id` (`brand_id`),
  CONSTRAINT `figure_ibfk_1` FOREIGN KEY (`figure_category_id`) REFERENCES `figure_category` (`id_cate`) ON DELETE CASCADE,
  CONSTRAINT `figure_ibfk_2` FOREIGN KEY (`brand_id`) REFERENCES `brand` (`id_brand`) ON DELETE CASCADE
) ENGINE=InnoDB AUTO_INCREMENT=92 DEFAULT CHARSET=utf8mb4 COLLATE=utf8mb4_0900_ai_ci;
/*!40101 SET character_set_client = @saved_cs_client */;

--
-- Dumping data for table `figure`
--

LOCK TABLES `figure` WRITE;
/*!40000 ALTER TABLE `figure` DISABLE KEYS */;
INSERT INTO `figure` VALUES (4,'Mô hình các hình thái của Frieza','uploads/Frieza.png','Mô hình thuộc anime Dragon Ball',5500.00,5200.00,124,9,5,'2023-05-17 14:36:10','2024-05-20 12:56:40',6,1,4),(5,'Naruto Cửu Vĩ hình','uploads/cuu-vi2.png','Mô hình thuộc anime Naruto',3800.00,3547.00,26,2,4,'2023-05-17 14:38:08','2024-05-12 14:56:02',6,1,10),(10,'Set Skin assimov','uploads/set-skin-assimov.png','Set Skin assimov CSGO',555.00,0.00,85,15,3,'2023-05-18 00:35:45','2024-05-12 14:56:02',6,1,5),(11,'Bộ dao Butterfly CSGO','uploads/combobutterfly.png','Bộ dao Butterfly CSGO',62.00,45.00,159,15,5,'2023-05-18 00:36:25','2024-05-20 09:36:59',6,1,2),(13,'Phụ kiện cosplay kiếm tanjiro','uploads/kiem_tanjiro.png','Phụ kiện cosplay kiếm tanjiro',23.00,15.00,151,15,6,'2023-05-18 00:40:20','2024-05-20 09:33:18',6,1,0),(14,'Set Marvel chibi','uploads/marvelchibi.png','Set Marvel chibi&nbsp',500.00,450.00,14,15,3,'2023-05-18 00:43:18','2024-06-11 16:02:02',6,1,0),(17,'Mô hình rồng thần Namek','uploads/god_dragon.png','Mô hình rồng thần Namek',8200.00,8100.00,66,9,5,'2023-05-18 00:45:00','2024-02-24 07:03:22',6,1,0),(20,'Mô hình Kaido(Arc Wano)','uploads/kaido.png','<p>Mô hình Kaido(Arc Wano)</p>',5520.00,5220.00,43,1,3,'2023-05-18 00:49:48','2024-05-18 14:02:41',6,1,0),(22,'Huy hiệu One Piece','uploads/huy_hieu_one_piece.png','Huy hiệu One Piece',10.00,8.00,533,15,5,'2023-05-18 00:51:56','2024-06-11 15:53:50',6,1,32),(23,'Phi tiêu Batman','uploads/phi-tieu-batman.png','Phi tiêu Batman',15.00,12.00,55,15,4,'2023-05-18 00:52:55','2024-02-24 07:03:22',6,1,0),(24,'Phụ kiện anime Naruto','uploads/phu_kien_naruto.png','Phụ kiện anime Naruto',55.00,45.00,8,15,4,'2023-05-18 00:53:31','2024-06-09 10:53:10',6,1,24),(25,'Móc khóa kiếm One Piece','uploads/set_moc_khoa.png','Móc khóa kiếm One Piece',8.00,5.00,147,15,5,'2023-05-18 00:54:26','2024-06-11 16:19:31',6,1,0),(26,'Set cosplay Kunai Naruto','uploads/setkunai.png','Set cosplay Kunai Naruto',35.00,30.00,62,15,3,'2023-05-18 00:55:07','2024-06-11 16:19:31',6,1,0),(29,'Mô hình Tanjiro vũ điệu hỏa thần','uploads/tanjiro.png','mô hình rất đẹp',2500.00,2450.00,10,17,3,'2023-05-20 03:19:24','2024-05-18 14:01:03',6,1,0),(30,'Mô hìn Nezuko hóa quỷ','uploads/nezuko.png','đẹp',3500.00,3200.00,20,17,3,'2023-05-20 03:20:04','2024-05-18 14:01:03',6,1,0),(31,'Mô hình nữ hoàng Boa Hancook','uploads/boa.png','mô hình Boa',5200.00,5100.00,11,1,24,'2023-05-20 03:37:08','2024-02-24 07:03:22',6,1,0),(32,'Mô hình Son Goku','uploads/songoku.png','mô hình đẹp',2500.00,2456.00,55,9,24,'2023-05-20 03:37:42','2024-02-24 07:03:22',6,1,0),(33,'Luffy X Kaido','uploads/luffyxkaido.png','Luffy X Kaido',6500.00,6420.00,22,1,24,'2023-05-20 03:38:19','2024-02-24 07:03:22',6,1,0),(34,'Mô hình Darkness Saber','uploads/dark_saber.png','Mô hình Darkness Saber',2600.00,2400.00,15,16,25,'2023-05-20 03:39:08','2024-02-24 07:03:22',6,1,0),(35,'Mô hình vua Gilgamesh','uploads/gilgamesh.png','Mô hình vua Gilgamesh',1520.00,1420.00,15,16,25,'2023-05-20 03:40:08','2024-02-24 07:03:22',6,1,0),(36,'Mô hình vua Gilgamesh model 2','uploads/gilgamesh2.png','Mô hình vua Gilgamesh 2',2610.00,2510.00,66,16,25,'2023-05-20 03:40:45','2024-05-12 14:56:02',6,1,9),(37,'Mô hình Madara Lục Đạo','uploads/madaralucdao.png','Mô hình Madara Lục Đạo',6200.00,6000.00,53,2,6,'2023-05-20 03:41:38','2024-05-20 09:06:43',6,1,0),(56,'Fate Grand Order','uploads/fate_grand.png','<p>Mô hình rất đẹp</p>',1500.00,1000.00,16,16,24,'2024-03-07 15:28:09','2024-06-06 09:06:14',6,1,20),(57,'Cửu Vĩ','uploads/cuu-vi.png','<p>Mô hình Cửu Vĩ</p>',8000.00,0.00,10,2,6,'2024-03-07 15:37:19','2024-03-07 15:38:24',6,1,0),(58,'Rồng thần Namek','uploads/god_dragon2.png','<p><i><strong>Rồng thần Namek rất to</strong></i></p>',6000.00,0.00,0,9,25,'2024-03-07 15:39:30','2024-06-07 02:48:44',6,1,63),(67,'Mô hình Batman Samurai','uploads/batmansamurai.png','<p>Mô hình Batman Samurai</p>',1500.00,1300.00,25,40,5,'2024-06-11 16:35:29','2024-06-11 16:36:33',6,1,0),(68,'Mô hình Batman basic','uploads/batman.png','<p>Mô hình Batman basic</p>',700.00,650.00,15,40,25,'2024-06-11 16:37:35','2024-06-11 16:37:42',6,1,0),(69,'Mô hình Devil Joker','uploads/deviljoker.png','<p>Mô hình Devil Joker</p>',2500.00,2100.00,45,40,3,'2024-06-11 16:38:23','2024-06-11 16:38:23',6,1,0),(70,'Joker phiên bản The Dark Knight','uploads/joker.png','<p>Joker phiên bản The Dark Knight</p>',4500.00,4200.00,54,40,4,'2024-06-11 16:40:21','2024-06-11 16:40:21',6,1,0),(71,'Mô hình cặp đôi Joker và Harley Queen ','uploads/jokerxharley.png','<p>Mô hình cặp đôi Joker và Harley Queen&nbsp;</p>',5200.00,5012.00,55,40,4,'2024-06-11 16:41:35','2024-06-11 16:41:35',6,1,0),(72,'Mô hình Boa Hancook the movie','uploads/hancook.png','<p>Mô hình Boa Hancook the movie</p>',3521.00,3124.00,21,1,24,'2024-06-11 16:42:23','2024-06-11 16:42:23',6,1,0),(73,'Mô hình Vegeta X Son Goku','uploads/vegetaxgoku.png','<p>Mô hình Vegeta X Son Goku</p>',4521.00,4231.00,24,9,6,'2024-06-11 16:43:07','2024-06-11 16:43:07',6,1,0),(74,'Zoro tam long','uploads/zoro_tamlong.png','<p>Zoro tam long</p>',3564.00,3254.00,54,1,4,'2024-06-11 16:44:23','2024-06-11 16:44:23',6,1,0),(75,'Mô hình tứ hoàng Shank tóc đỏ','uploads/shank.png','<p>Mô hình tứ hoàng Shank tóc đỏ</p>',2422.00,2166.00,24,1,3,'2024-06-11 16:45:06','2024-06-11 16:45:06',6,1,0),(76,'Mô hình tư lệnh ngọt Katakuri','uploads/katakuri.png','<p>Mô hình tư lệnh ngọt Katakuri</p>',6482.00,6234.00,12,1,4,'2024-06-11 16:45:58','2024-06-11 16:45:58',6,1,0),(77,'Mô hình Luffy gear 4 model Snakeman','uploads/luffy_gear4_ver2.png','<p>Mô hình Luffy gear 4 model Snakeman</p>',5423.00,5136.00,65,1,5,'2024-06-11 16:46:52','2024-06-11 16:46:52',6,1,0),(78,'Mô hình Luffy gear 4 model Bounce Man','uploads/luffy_gear4.png','<p>Mô hình Luffy gear 4 model Bounce Man</p>',5635.00,5314.00,45,1,6,'2024-06-11 16:48:01','2024-06-11 16:48:01',6,1,0),(79,'Mô hình Madara X Cửu vĩ','uploads/madara.png','<p>Mô hình Madara X Cửu vĩ</p>',4521.00,4231.00,21,2,25,'2024-06-11 16:48:54','2024-06-11 16:49:04',6,1,0),(80,'Mô hình Sasuke','uploads/sasuke.png','<p>Mô hình Sasuke</p>',2412.00,1954.00,42,2,24,'2024-06-11 16:49:46','2024-06-11 16:49:46',6,1,0),(81,'Madara Susanoo toàn chân thể','uploads/madara2.png','<p>Madara Susanoo toàn chân thể</p>',456.00,356.00,52,2,4,'2024-06-11 16:50:40','2024-06-11 16:50:40',6,1,0),(82,'Mô hình Naruto lục đạo','uploads/nalucdao.png','<p>Mô hình Naruto lục đạo</p>',4521.00,4231.00,41,2,3,'2024-06-11 16:51:34','2024-06-11 16:51:34',6,1,0),(83,'Mô hình Pink Goku','uploads/pink_goku.png','<p>Mô hình Pink Goku</p>',999.00,888.00,11,9,4,'2024-06-11 16:52:23','2024-06-11 16:52:23',6,1,0),(84,'Tanjiro hơi thở của nước','uploads/tanjiro2.png','<p>Tanjiro hơi thở của nước</p>',4212.00,4000.00,19,17,24,'2024-06-11 16:53:47','2024-06-11 16:53:47',6,1,0),(85,'Mô hình Nezuko chibi','uploads/nezukochibi.png','<p>Mô hình Nezuko chibi</p>',454.00,444.00,66,17,24,'2024-06-11 16:54:35','2024-06-11 16:54:35',6,1,0),(86,'Mô hình Archer','uploads/archer.png','<p>Mô hình Archer</p>',666.00,655.00,77,16,5,'2024-06-11 16:55:30','2024-06-11 16:55:30',6,1,0),(87,'Dây chuyền cosplay Yumeko','uploads/daychuyenyumeko.jpg','<p>Dây chuyền cosplay Yumeko</p>',5.00,0.00,77,15,25,'2024-06-11 17:04:45','2024-06-11 17:04:45',6,1,0),(88,'Bookmark game Genshin Impact','uploads/bookmark_genshin.png','<p>Bookmark game Genshin Impact</p>',4.00,0.00,55,15,6,'2024-06-11 17:05:27','2024-06-11 17:05:27',6,1,0),(89,'Mô hình Lancer','uploads/lancer.jpg','<p>Mô hình Lancer</p>',200.00,0.00,29,16,3,'2024-06-11 17:06:13','2024-06-11 17:06:13',6,1,0),(90,'Sticker Genshin Impact','uploads/stickergenshin.jpg','<p>Sticker Genshin Impact</p>',7.00,0.00,777,15,4,'2024-06-11 17:06:52','2024-06-11 17:06:52',6,1,0),(91,'Mô hình Ruler','uploads/ruler.png','<p>Mô hình Ruler</p>',70.00,0.00,54,16,5,'2024-06-11 17:07:49','2024-06-11 17:07:49',6,1,0);
/*!40000 ALTER TABLE `figure` ENABLE KEYS */;
UNLOCK TABLES;

--
-- Table structure for table `figure_category`
--

DROP TABLE IF EXISTS `figure_category`;
/*!40101 SET @saved_cs_client     = @@character_set_client */;
/*!50503 SET character_set_client = utf8mb4 */;
CREATE TABLE `figure_category` (
  `id_cate` int NOT NULL AUTO_INCREMENT,
  `name_cate` varchar(255) NOT NULL,
  `description_cate` text,
  `created_at` timestamp NOT NULL DEFAULT CURRENT_TIMESTAMP,
  `updated_at` timestamp NOT NULL DEFAULT CURRENT_TIMESTAMP ON UPDATE CURRENT_TIMESTAMP,
  `status` tinyint(1) DEFAULT NULL,
  PRIMARY KEY (`id_cate`)
) ENGINE=InnoDB AUTO_INCREMENT=43 DEFAULT CHARSET=utf8mb4 COLLATE=utf8mb4_0900_ai_ci;
/*!40101 SET character_set_client = @saved_cs_client */;

--
-- Dumping data for table `figure_category`
--

LOCK TABLES `figure_category` WRITE;
/*!40000 ALTER TABLE `figure_category` DISABLE KEYS */;
INSERT INTO `figure_category` VALUES (1,'One Piece','Mô hình thuộc anime One Piece','2023-05-11 02:49:36','2024-02-24 09:23:24',1),(2,'Naruto','Mô hình thuộc anime Naruto','2023-05-11 02:50:19','2024-01-22 13:48:56',1),(9,'Dragon Ball','Mô hình thuộc anime Dragon Ball','2023-05-11 03:53:37','2024-01-22 13:48:56',1),(15,'Phụ kiện','Phụ kiện','2023-05-18 00:29:26','2024-02-24 09:23:24',1),(16,'Fate/stay','Fate/stay','2023-05-18 00:29:43','2024-02-24 09:23:24',1),(17,'Kimetsu No Yaiba','Kimetsu No Yaiba','2023-05-18 00:30:11','2024-02-24 09:25:47',1),(40,'DC Comic','DC Comic','2024-06-09 09:57:56','2024-06-09 09:57:56',1);
/*!40000 ALTER TABLE `figure_category` ENABLE KEYS */;
UNLOCK TABLES;

--
-- Table structure for table `order_detail`
--

DROP TABLE IF EXISTS `order_detail`;
/*!40101 SET @saved_cs_client     = @@character_set_client */;
/*!50503 SET character_set_client = utf8mb4 */;
CREATE TABLE `order_detail` (
  `id_detail` int NOT NULL AUTO_INCREMENT,
  `order_id` int NOT NULL,
  `figure_id` int NOT NULL,
  `totalquantity` int NOT NULL,
  `totalprice` int NOT NULL,
  `created_at` timestamp NOT NULL DEFAULT CURRENT_TIMESTAMP,
  `updated_at` timestamp NOT NULL DEFAULT CURRENT_TIMESTAMP ON UPDATE CURRENT_TIMESTAMP,
  PRIMARY KEY (`id_detail`),
  KEY `order_id` (`order_id`),
  KEY `figure_id` (`figure_id`),
  CONSTRAINT `order_detail_ibfk_1` FOREIGN KEY (`order_id`) REFERENCES `orders` (`id_order`) ON DELETE CASCADE,
  CONSTRAINT `order_detail_ibfk_2` FOREIGN KEY (`figure_id`) REFERENCES `figure` (`id`) ON DELETE CASCADE
) ENGINE=InnoDB AUTO_INCREMENT=69 DEFAULT CHARSET=utf8mb4 COLLATE=utf8mb4_0900_ai_ci;
/*!40101 SET character_set_client = @saved_cs_client */;

--
-- Dumping data for table `order_detail`
--

LOCK TABLES `order_detail` WRITE;
/*!40000 ALTER TABLE `order_detail` DISABLE KEYS */;
INSERT INTO `order_detail` VALUES (1,1,34,1,2400,'2023-05-24 02:43:51','2024-02-24 02:43:51'),(2,1,33,2,12840,'2023-05-24 02:43:51','2024-03-24 02:43:51'),(3,1,35,1,1420,'2023-05-24 02:43:51','2024-03-24 02:43:51'),(4,2,36,4,10040,'2023-05-25 02:22:12','2024-03-24 02:43:51'),(5,3,35,1,1420,'2023-05-26 08:51:42','2024-03-24 02:43:51'),(6,3,33,2,12840,'2023-05-26 08:51:42','2024-02-24 02:43:51'),(7,4,30,1,3200,'2023-05-26 15:39:02','2024-03-24 02:43:51'),(8,4,31,1,5100,'2023-05-26 15:39:02','2024-02-24 02:43:51'),(9,4,32,1,2456,'2023-05-26 15:39:02','2024-02-24 02:43:51'),(10,4,29,1,2450,'2023-05-26 15:39:02','2024-02-24 02:43:51'),(11,5,30,1,3200,'2023-05-26 15:42:54','2024-02-24 02:43:51'),(12,5,31,1,5100,'2023-05-26 15:42:54','2024-02-24 02:43:51'),(13,6,11,1,45,'2023-05-26 15:47:37','2024-02-24 02:43:51'),(14,6,13,1,15,'2023-05-26 15:47:37','2024-02-24 02:43:51'),(15,6,17,1,8100,'2023-05-26 15:47:37','2024-03-24 02:43:51'),(16,7,37,1,6000,'2023-05-26 16:07:22','2024-02-24 02:43:51'),(17,8,36,3,7530,'2023-05-29 02:22:39','2024-04-24 02:43:51'),(18,8,32,1,2456,'2023-05-29 02:22:39','2024-04-24 02:43:51'),(19,8,29,1,2450,'2023-05-29 02:22:39','2024-04-24 02:43:51'),(20,28,33,2,12840,'2024-01-03 13:13:17','2024-04-24 02:43:51'),(21,28,34,3,7200,'2024-01-03 13:13:17','2024-04-24 02:43:51'),(23,29,36,2,5020,'2024-01-03 13:20:25','2024-04-24 02:43:51'),(24,29,31,4,20400,'2024-01-03 13:20:25','2024-04-24 02:43:51'),(25,29,32,3,7368,'2024-01-03 13:20:25','2024-04-24 02:43:51'),(26,30,20,5,26100,'2024-01-03 13:24:57','2024-04-24 02:43:51'),(27,30,4,2,10400,'2024-01-03 13:24:57','2024-01-03 13:24:57'),(28,30,5,1,3547,'2024-01-03 13:24:57','2024-01-03 13:24:57'),(29,31,4,1,5200,'2024-01-03 13:44:02','2024-01-03 13:44:02'),(30,31,17,1,8100,'2024-01-03 13:44:02','2024-01-03 13:44:02'),(31,31,37,1,6000,'2024-01-03 13:44:02','2024-01-03 13:44:02'),(32,32,4,3,15600,'2024-01-03 13:46:35','2024-03-24 02:43:51'),(33,33,4,1,5200,'2024-01-03 13:47:30','2024-01-03 13:47:30'),(35,35,4,1,5200,'2024-01-03 13:54:14','2024-03-24 02:43:51'),(36,35,20,1,5220,'2024-01-03 13:54:14','2024-01-03 13:54:14'),(38,36,20,1,5220,'2024-01-03 14:01:26','2024-01-03 14:01:26'),(39,37,13,1,15,'2024-01-03 14:27:19','2024-03-24 02:43:51'),(40,37,23,1,12,'2024-01-03 14:27:19','2024-01-03 14:27:19'),(41,37,10,1,520,'2024-01-03 14:27:19','2024-01-03 14:27:19'),(42,38,11,1,45,'2024-01-03 14:28:22','2024-01-03 14:28:22'),(43,39,32,1,2456,'2024-01-05 03:47:24','2024-01-05 03:47:24'),(44,39,31,1,5100,'2024-01-05 03:47:24','2024-01-05 03:47:24'),(45,62,22,3,45,'2024-05-18 11:17:42','2024-05-18 11:17:42'),(46,62,13,3,24,'2024-05-18 11:17:42','2024-05-18 11:17:42'),(47,63,22,3,45,'2024-05-18 13:42:37','2024-05-18 13:42:37'),(48,63,13,3,24,'2024-05-18 13:42:37','2024-05-18 13:42:37'),(51,65,20,1,5220,'2024-05-18 14:02:41','2024-05-18 14:02:41'),(52,65,56,1,1000,'2024-05-18 14:02:41','2024-05-18 14:02:41'),(53,66,11,5,225,'2024-05-20 07:39:44','2024-05-20 07:39:44'),(54,67,37,1,6000,'2024-05-20 09:06:43','2024-05-20 09:06:43'),(55,68,14,1,450,'2024-05-20 09:27:36','2024-05-20 09:27:36'),(56,69,13,1,15,'2024-05-20 09:33:18','2024-05-20 09:33:18'),(57,70,11,1,45,'2024-05-20 09:34:23','2024-05-20 09:34:23'),(58,71,11,1,45,'2024-05-20 09:36:59','2024-05-20 09:36:59'),(59,72,22,10,80,'2024-05-20 09:38:55','2024-05-20 09:38:55'),(60,73,56,1,1000,'2024-05-20 09:42:28','2024-05-20 09:42:28'),(61,73,24,3,135,'2024-05-20 09:42:28','2024-05-20 09:42:28'),(63,75,22,4,32,'2024-06-06 09:06:14','2024-06-06 09:06:14'),(64,75,56,2,2000,'2024-06-06 09:06:14','2024-06-06 09:06:14'),(65,76,24,1,45,'2024-06-09 10:53:10','2024-06-09 10:53:10'),(66,77,14,1,450,'2024-06-11 16:02:02','2024-06-11 16:02:02'),(67,78,25,3,15,'2024-06-11 16:19:31','2024-06-11 16:19:31'),(68,78,26,4,120,'2024-06-11 16:19:31','2024-06-11 16:19:31');
/*!40000 ALTER TABLE `order_detail` ENABLE KEYS */;
UNLOCK TABLES;

--
-- Table structure for table `orders`
--

DROP TABLE IF EXISTS `orders`;
/*!40101 SET @saved_cs_client     = @@character_set_client */;
/*!50503 SET character_set_client = utf8mb4 */;
CREATE TABLE `orders` (
  `id_order` int NOT NULL AUTO_INCREMENT,
  `shipping_id` int NOT NULL,
  `status` enum('pending','processing','shipped','delivered','cancelled') NOT NULL,
  `created_at` timestamp NOT NULL DEFAULT CURRENT_TIMESTAMP,
  `updated_at` timestamp NOT NULL DEFAULT CURRENT_TIMESTAMP ON UPDATE CURRENT_TIMESTAMP,
  PRIMARY KEY (`id_order`),
  KEY `orders_ibfk_1` (`shipping_id`),
  CONSTRAINT `orders_ibfk_1` FOREIGN KEY (`shipping_id`) REFERENCES `customer_shipping` (`id_ship`) ON DELETE CASCADE
) ENGINE=InnoDB AUTO_INCREMENT=79 DEFAULT CHARSET=utf8mb4 COLLATE=utf8mb4_0900_ai_ci;
/*!40101 SET character_set_client = @saved_cs_client */;

--
-- Dumping data for table `orders`
--

LOCK TABLES `orders` WRITE;
/*!40000 ALTER TABLE `orders` DISABLE KEYS */;
INSERT INTO `orders` VALUES (1,6,'delivered','2024-04-24 02:43:51','2024-05-20 08:06:13'),(2,7,'delivered','2024-02-18 13:42:37','2024-06-06 09:14:31'),(3,8,'processing','2024-04-24 02:43:51','2024-05-20 08:06:13'),(4,9,'delivered','2024-05-20 15:39:02','2024-05-20 08:06:13'),(5,10,'delivered','2024-04-24 02:43:51','2024-05-20 08:06:13'),(6,11,'cancelled','2024-02-18 13:42:37','2024-05-20 08:06:13'),(7,12,'cancelled','2024-04-24 02:43:51','2024-05-20 08:06:13'),(8,13,'delivered','2024-05-20 15:39:02','2024-05-20 08:06:13'),(28,56,'pending','2024-02-18 13:42:37','2024-05-20 08:06:13'),(29,57,'pending','2024-02-18 13:42:37','2024-05-20 08:06:13'),(30,58,'delivered','2024-01-03 13:24:57','2024-05-20 07:59:44'),(31,59,'pending','2024-04-24 02:43:51','2024-05-20 08:06:13'),(32,60,'pending','2024-02-18 13:42:37','2024-05-20 08:06:13'),(33,61,'pending','2024-03-24 02:43:51','2024-05-20 08:06:13'),(35,63,'delivered','2024-05-20 15:39:02','2024-05-20 08:06:13'),(36,64,'pending','2024-04-24 02:43:51','2024-05-20 08:06:13'),(37,65,'delivered','2024-03-24 02:43:51','2024-05-20 08:06:13'),(38,66,'pending','2024-02-18 13:42:37','2024-05-20 08:06:13'),(39,67,'delivered','2024-05-20 15:39:02','2024-05-20 08:06:13'),(62,156,'pending','2024-03-24 02:43:51','2024-05-20 08:06:13'),(63,157,'pending','2024-02-18 13:42:37','2024-05-20 08:06:13'),(65,159,'pending','2024-03-24 02:43:51','2024-05-20 08:06:13'),(66,160,'pending','2024-04-24 02:43:51','2024-05-20 08:06:13'),(67,161,'pending','2024-05-20 09:06:43','2024-05-20 09:06:43'),(68,162,'pending','2024-05-20 09:27:36','2024-05-20 09:27:36'),(69,163,'pending','2024-05-20 09:33:18','2024-05-20 09:33:18'),(70,164,'pending','2024-05-20 09:34:23','2024-05-20 09:34:23'),(71,165,'pending','2024-05-20 09:36:59','2024-05-20 09:36:59'),(72,166,'pending','2024-05-20 09:38:55','2024-05-20 09:38:55'),(73,167,'pending','2024-05-20 09:42:28','2024-05-20 09:42:28'),(74,168,'pending','2024-05-20 09:51:57','2024-05-20 09:51:57'),(75,169,'pending','2024-06-06 09:06:14','2024-06-06 09:06:14'),(76,170,'pending','2024-06-09 10:53:10','2024-06-09 10:53:10'),(77,171,'pending','2024-06-11 16:02:02','2024-06-11 16:02:02'),(78,172,'delivered','2024-06-11 16:19:31','2024-06-11 17:16:46');
/*!40000 ALTER TABLE `orders` ENABLE KEYS */;
UNLOCK TABLES;

--
-- Table structure for table `post`
--

DROP TABLE IF EXISTS `post`;
/*!40101 SET @saved_cs_client     = @@character_set_client */;
/*!50503 SET character_set_client = utf8mb4 */;
CREATE TABLE `post` (
  `id` int NOT NULL AUTO_INCREMENT,
  `title` varchar(255) NOT NULL,
  `img` varchar(500) NOT NULL,
  `description` text,
  `content` text,
  `post_category_id` int NOT NULL,
  `created_at` timestamp NOT NULL DEFAULT CURRENT_TIMESTAMP,
  `updated_at` timestamp NOT NULL DEFAULT CURRENT_TIMESTAMP ON UPDATE CURRENT_TIMESTAMP,
  `author` varchar(45) DEFAULT NULL,
  `status` tinyint(1) DEFAULT NULL,
  `views` int DEFAULT '0',
  PRIMARY KEY (`id`),
  KEY `post_category_id` (`post_category_id`),
  CONSTRAINT `post_ibfk_1` FOREIGN KEY (`post_category_id`) REFERENCES `post_category` (`id_cate`) ON DELETE CASCADE
) ENGINE=InnoDB AUTO_INCREMENT=17 DEFAULT CHARSET=utf8mb4 COLLATE=utf8mb4_0900_ai_ci;
/*!40101 SET character_set_client = @saved_cs_client */;

--
-- Dumping data for table `post`
--

LOCK TABLES `post` WRITE;
/*!40000 ALTER TABLE `post` DISABLE KEYS */;
INSERT INTO `post` VALUES (2,'Cẩm nan hướng dẫn chọn figure','uploads/Elden-Ring_-14-1068x580.jpg','<p>Đối với những người chơi figure đã không còn quá xa lạ đến với thuật ngữ này. Nhưng còn đối với những người chưa biết hay đang tìm hiểu về loại hình này thì hãy cùng theo dõi bài viết dưới đây để hiểu thêm nhửng cơ bản về figure nhé !</p><p><br>&nbsp;</p>','<h2><strong>Figure là gì ?</strong></h2><p>Được ra đời vào những năm 1964, đến ngày nay dù cho đã trải qua hơn 50 năm phát triển, thế nhưng thì tại Việt Nam, figure vẫn còn khá lạ lẫm. Đối với nhiều người thì figure chỉ là một món đồ chơi dành cho trẻ em. Tuy nhiên thì đằng sau những mô hình đắt tiền đó là những nghệ thuật, mang theo một nền văn hóa và là thú vui của rất nhiều nhà sưu tầm coi trọng giữ gìn.</p><figure class=\"image\"><img src=\"https://mohinhfigure.com/wp-content/uploads/2021/08/cam-nang-figurer-1-e1628082603557-651x400.jpeg\" alt=\"figure là gì 1\" srcset=\"https://mohinhfigure.com/wp-content/uploads/2021/08/cam-nang-figurer-1-e1628082603557-651x400.jpeg 651w, https://mohinhfigure.com/wp-content/uploads/2021/08/cam-nang-figurer-1-e1628082603557-1302x800.jpeg 1302w, https://mohinhfigure.com/wp-content/uploads/2021/08/cam-nang-figurer-1-e1628082603557-768x472.jpeg 768w, https://mohinhfigure.com/wp-content/uploads/2021/08/cam-nang-figurer-1-e1628082603557-1320x811.jpeg 1320w, https://mohinhfigure.com/wp-content/uploads/2021/08/cam-nang-figurer-1-e1628082603557-600x369.jpeg 600w, https://mohinhfigure.com/wp-content/uploads/2021/08/cam-nang-figurer-1-e1628082603557.jpeg 1500w\" sizes=\"100vw\" width=\"651\"></figure><p>Theo trong từ điển tiếng anh, thì figure nghĩa là nhân vật tượng trưng, hình minh họa. Có nguồn gốc bắt đầu từ Mỹ. Nhưng dần phát triển nên trong văn hóa Otaku của Nhật Bản. Ban đầu cụm từ figure để chỉ nhựng mô hình mọ phỏng các nhân vật truyện tranh, manga và anime. Nhưng đến nay thì bất kì figure nào cũng có thể là nhân vật trong phim ảnh, thậm chí là cả ngoài đời thực.</p><h2><strong>Figure được tạo ra như thế nào ?</strong></h2><p>Đầu tiên, quá trình tạo ra một nhân vật anime rất đa dạng phụ thuộc vào nhân vật nào sẽ được thể hiện, vật liệu nào sẽ được sử dụng, v.v. Đại khái là hiểu một số bước (Tất nhiên nó có thể khác nhau):</p><ol><li>Đầu tiên, tất nhiên, cần phải có một hình minh họa khá rõ ràng, đó không phải là ý tưởng một bản vẽ về tác phẩm cuối cùng trông như thế nào</li><li>Ý tưởng này được điêu khắc bằng đất sét hoặc bất kỳ vật liệu dễ uốn nào và do những tiến bộ công nghệ ngày nay một số thậm chí còn được thực hiện bằng mô hình 3D</li><li>Sau đó, khuôn cho mỗi phần của bức tượng (tay, chân, v.v.) được làm từ mô hình cuối cùng làm bằng “Đất sét”, thường những khuôn này là từ silicone và để sản xuất hàng loạt, một số được làm từ thép.</li><li>Các khuôn được sử dụng sau khi đổ vật liệu mà từ đó tạo ra hình, chẳng hạn như PVC, một loại nhựa được đổ nóng lên khuôn và sau đó PVC được làm nguội để nó có thể có hình dạng của hình hoặc một phần</li><li>Sau quá trình làm mát, các bộ phận được sơn có thể được thực hiện bằng máy chải không khí hoặc máy sơn tự động hóa</li><li>Khi sơn đã khô thì hình có thể được lắp ráp mặc dù một số đang được bán theo bộ phận</li></ol><figure class=\"image\"><img src=\"https://mohinhfigure.com/wp-content/uploads/2021/08/cam-nang-figurer-2-e1628082623959-656x400.jpeg\" alt=\"figure là gì 2\" srcset=\"https://mohinhfigure.com/wp-content/uploads/2021/08/cam-nang-figurer-2-e1628082623959-656x400.jpeg 656w, https://mohinhfigure.com/wp-content/uploads/2021/08/cam-nang-figurer-2-e1628082623959-1311x800.jpeg 1311w, https://mohinhfigure.com/wp-content/uploads/2021/08/cam-nang-figurer-2-e1628082623959-768x468.jpeg 768w, https://mohinhfigure.com/wp-content/uploads/2021/08/cam-nang-figurer-2-e1628082623959-1320x805.jpeg 1320w, https://mohinhfigure.com/wp-content/uploads/2021/08/cam-nang-figurer-2-e1628082623959-600x366.jpeg 600w, https://mohinhfigure.com/wp-content/uploads/2021/08/cam-nang-figurer-2-e1628082623959.jpeg 1500w\" sizes=\"100vw\" width=\"656\"></figure><p>Vì vậy, quá trình tạo hình anime là một nghệ thuật hiện nay kết hợp giữa điêu khắc và mô hình 3D.&nbsp;Để tạo ra những tác phẩm nghệ thuật mà tất cả chúng ta yêu thích.</p><p>Dưới đây, nó sẽ hiển thị các loại&nbsp;nhân vật anime&nbsp;trước tiên theo chất liệu làm chúng và sau đó theo thiết kế mà chúng tôi cho rằng những đặc điểm này đến đặc điểm của các hình tượng yêu thích của Nhật Bản thực sự thú vị và quan trọng cần biết.</p><h2><strong>Phân loại figure phổ biến</strong></h2><h3><strong>Figma</strong></h3><p>Một&nbsp;nhân vật anime&nbsp;thực sự&nbsp;đi kèm với chuyển động thực tế, tự nhiên và cũng kết hợp với sự khéo léo và đẹp mắt.&nbsp;Họ là&nbsp;<strong>những nhân vật anime dễ thương.&nbsp;</strong>Các&nbsp;<strong>nhân vật trong anime</strong>&nbsp;Figma&nbsp;<strong>này có thể điều chỉnh được</strong>&nbsp;và bạn có thể di chuyển khớp của chúng vào hầu hết mọi vị trí.&nbsp;Đối với những người hâm mộ anime muốn vẽ, Figma cơ thể đơn giản cho phép bạn phác thảo và nó giúp bạn trở nên giỏi phác họa các nhân vật của con người&nbsp;<strong>.&nbsp;Các</strong>&nbsp;số liệu Figma tương tự như các số liệu hành động.&nbsp;Chúng có khớp bóng để bạn có thể cử động cánh tay, chân và thậm chí cả đầu của chúng trong hầu hết các trường hợp.&nbsp;Điều tốt về những loại hình này là bạn thực tế có thể tạo hình chúng ở bất kỳ tư thế nào bạn muốn, do đó chúng thú vị hơn như một món đồ chơi.</p><figure class=\"image\"><img src=\"https://mohinhfigure.com/wp-content/uploads/2021/08/cam-nang-figurer-4-e1628082644899-662x400.jpeg\" alt=\"figure là gì 3\" srcset=\"https://mohinhfigure.com/wp-content/uploads/2021/08/cam-nang-figurer-4-e1628082644899-662x400.jpeg 662w, https://mohinhfigure.com/wp-content/uploads/2021/08/cam-nang-figurer-4-e1628082644899-1323x800.jpeg 1323w, https://mohinhfigure.com/wp-content/uploads/2021/08/cam-nang-figurer-4-e1628082644899-768x464.jpeg 768w, https://mohinhfigure.com/wp-content/uploads/2021/08/cam-nang-figurer-4-e1628082644899-1320x798.jpeg 1320w, https://mohinhfigure.com/wp-content/uploads/2021/08/cam-nang-figurer-4-e1628082644899-600x363.jpeg 600w, https://mohinhfigure.com/wp-content/uploads/2021/08/cam-nang-figurer-4-e1628082644899.jpeg 1500w\" sizes=\"100vw\" width=\"662\"></figure><h3><strong>Nendoroid</strong></h3><p>Nendoroid là&nbsp;<strong>những nhân vật hoạt hình anime nhỏ</strong>&nbsp;với cái đầu to.&nbsp;Chúng được làm bằng PVC hoặc ABS.&nbsp;Điểm độc đáo của chúng là kích thước nhỏ, cao khoảng 10 cm.&nbsp;Chúng thường có vẻ ngoài dễ thương.&nbsp;Vẻ ngoài và các bộ phận cơ thể khác của chúng có thể hoán đổi cho nhau, tạo cho chúng một phạm vi các khớp và tư thế có thể hình dung được.&nbsp;Chúng được sử dụng như một món đồ chơi và được&nbsp;các&nbsp;nhà sưu tập&nbsp;nhân vật anime&nbsp;thu thập.</p><figure class=\"image\"><img src=\"https://mohinhfigure.com/wp-content/uploads/2021/08/cam-nang-figurer-5-e1628082663162-651x400.jpeg\" alt=\"figure là gì 4\" srcset=\"https://mohinhfigure.com/wp-content/uploads/2021/08/cam-nang-figurer-5-e1628082663162-651x400.jpeg 651w, https://mohinhfigure.com/wp-content/uploads/2021/08/cam-nang-figurer-5-e1628082663162-1302x800.jpeg 1302w, https://mohinhfigure.com/wp-content/uploads/2021/08/cam-nang-figurer-5-e1628082663162-768x472.jpeg 768w, https://mohinhfigure.com/wp-content/uploads/2021/08/cam-nang-figurer-5-e1628082663162-1320x811.jpeg 1320w, https://mohinhfigure.com/wp-content/uploads/2021/08/cam-nang-figurer-5-e1628082663162-600x369.jpeg 600w, https://mohinhfigure.com/wp-content/uploads/2021/08/cam-nang-figurer-5-e1628082663162.jpeg 1500w\" sizes=\"100vw\" width=\"651\"></figure><h3><strong>Action figure</strong></h3><p>Mô hình Action Figure là mô hình linh hoạt. Các figure&nbsp;có các khớp nối để có thể tạo ra những tư thế hành động khác nhau&nbsp;và có thể đi kèm với&nbsp;các phụ kiện, chẳng hạn như quần áo, công cụ, vũ khí và phương tiện. Action Figure&nbsp;được tạo ra bằng cách lắp ráp các bộ phận bằng nhựa đúc được làm dựa trên các mô hình mẫu&nbsp;đầu tiên&nbsp;và các mô hình này&nbsp;được điêu khắc bằng tay vô cùng tỉ mỉ.</p><figure class=\"image\"><img src=\"https://mohinhfigure.com/wp-content/uploads/2021/08/cam-nang-figurer-3-e1628082682144-678x400.jpeg\" alt=\"figure là gì 5\" srcset=\"https://mohinhfigure.com/wp-content/uploads/2021/08/cam-nang-figurer-3-e1628082682144-678x400.jpeg 678w, https://mohinhfigure.com/wp-content/uploads/2021/08/cam-nang-figurer-3-e1628082682144-1356x800.jpeg 1356w, https://mohinhfigure.com/wp-content/uploads/2021/08/cam-nang-figurer-3-e1628082682144-768x453.jpeg 768w, https://mohinhfigure.com/wp-content/uploads/2021/08/cam-nang-figurer-3-e1628082682144-1320x779.jpeg 1320w, https://mohinhfigure.com/wp-content/uploads/2021/08/cam-nang-figurer-3-e1628082682144-600x354.jpeg 600w, https://mohinhfigure.com/wp-content/uploads/2021/08/cam-nang-figurer-3-e1628082682144.jpeg 1500w\" sizes=\"100vw\" width=\"678\"></figure><h3><strong>Revoltech</strong></h3><p>Revoltech là dòng sản phẩm tương tự như Figma nhưng thô và chất lượng kém hơn nhiều. Tuy nhiên, giá của Revoltech lại rẻ hơn, nên cũng được rất nhiều người yêu thích lựa chọn. Nổi bật nhất trong dòng Revoltech phải kể tới Transformers, một trong những sản phẩm mang lại sự khởi sắc cho Figure những năm 1980.</p><figure class=\"image\"><img src=\"https://mohinhfigure.com/wp-content/uploads/2021/08/banner-8-533x400.jpeg\" alt=\"figure là gì 6\" srcset=\"https://mohinhfigure.com/wp-content/uploads/2021/08/banner-8-533x400.jpeg 533w, https://mohinhfigure.com/wp-content/uploads/2021/08/banner-8-1065x800.jpeg 1065w, https://mohinhfigure.com/wp-content/uploads/2021/08/banner-8-768x577.jpeg 768w, https://mohinhfigure.com/wp-content/uploads/2021/08/banner-8-600x451.jpeg 600w, https://mohinhfigure.com/wp-content/uploads/2021/08/banner-8.jpeg 1100w\" sizes=\"100vw\" width=\"533\"></figure><p>&nbsp;</p>',4,'2023-05-26 07:03:20','2024-06-11 15:54:19','Đạt Nguyễn',1,11),(3,'Giới thiệu về DShop','uploads/Chiec-o_-1.jpg','<p>Giới thiệu cho mọi người hiểu thêm về shop bán mô hình DShop</p>','<h2>GIỚI THIỆU CỬA HÀNG MÔ HÌNH DShop</h2><p>&nbsp;</p><h3>MÔ HÌNH DShop LÀ 1 SHOP CÓ UY TÍN VÀ ĐƯỢC NHIỀU KHÁCH HÀNG TÍN NHIỆM.</h3><p>Với phương châm kinh doanh hài lòng trước nhận tiền sau, Mô Hình Figure luôn cố gắng mang lại giá sản phẩm ổn định và đảm bảo có nguồn hàng sẵn cho quý khách hàng. Cố gắng vì khách hàng là động lực để cửa hàng cố gắng phát triển</p><figure class=\"image\"><img src=\"https://mohinhfigure.com/wp-content/uploads/2021/08/gioi-thieu-1.jpeg\" alt=\"giới thiệu 1\"></figure><h2>ĐẶC BIỆT:</h2><ul><li>Những mặt hàng đã có sẵn tại shop mà giá trị thị trường đã tăng lên tới gấp 3 4 lần thì tại shop vẫn sẽ luôn giữ nguyên giá cố định và cam kết với khách hàng không đội giá sản phẩm lên cao theo thị trường. ( đã có nhiều khách hàng trên thị trường kiểm chứng và đánh giá tốt về dịch vụ của chúng tôi )</li><li>Hướng đi của Mô Hình Figure là luôn bán hàng theo giá cả cạnh tranh và tốt nhất trên thị trường mô hình&nbsp;figure Việt Nam, không để giá ảo hay giá độn lên nhằm mục đích câu khách hoặc tạo tiếng tăm ảo.</li><li>Chúng tôi luôn có quan niệm mua bán phải minh bạch rõ ràng nên sẽ có giá niêm yết của cửa hàng và không lên xuống bất thường. ( Trừ các dịp khuyến mãi sản phẩm dành cho khách hàng thân thiết của shop )</li><li>Luôn đặt giá trị cốt lõi của shop là sự uy tín và niềm tin về giá cả</li><li>Mọi qúy khách hàng khi đến với Mô Hình Figure&nbsp;sẽ có những chính sách khuyến mãi liên tục và quyền lợi riêng của khách hàng thân thiết.</li></ul><p><strong>LUÔN CÓ TÂM TRONG CÔNG VIỆC VÌ CHÚNG TÔI LÀ NHỮNG NGƯỜI CÓ CHUNG SỞ THÍCH SƯU TẬP GIỐNG NHƯ CÁC BẠN !</strong></p><figure class=\"image\"><img src=\"https://mohinhfigure.com/wp-content/uploads/2021/08/gioi-thieu-2.jpeg\" alt=\"giới thiệu 2\"></figure><h3>Mô hình figure là shop hàng đầu trong lĩnh vực Manga – Anime.</h3><p>Nếu bạn là một trong những tín đồ của các bộ truyện manga hay anime thì chắc chắn không thể bỏ qua được những nhân vật mình yêu thích, mong muốn sở hữu và được ngắm nhìn mỗi ngày cũng là cách để giải tỏa tâm trạng rất tốt, những nhân vật đã gắn liên với tuổi thơ các bạn như thám tử Conan, chú mèo máy đến từ tương lại Doreamon, còn các nhân vật cộm cán trong bộ truyện nổi tiếng One Piece, Dragon Ball Z,…. và còn rất nhiều nhân vật trong các bộ truyện khác như Gintama, Kimetsu no Yaiba, SAO, Tokyo Ghoul,..v..,<br><strong>C</strong>òn nếu bạn là fan ruột của những thước phim hoạt hình Pixar, Disney: ToyStory, Incredible, Wall-e, Ice Age,… hay những bộ phim Hollywood bom tấn như Batman, Avenger, Ironman, Hulk,.. thì bạn cũng không thể bỏ qua vì tất cả đều có tại&nbsp;Figure Store</p><p>Còn nếu bạn là fan ruột của những thước phim nổi tiếng đến từ hollywood như Mavell, DC hay các bộ phim nổi tiếng khác thì cũng không thể bỏ qua chúng mình, vì tại Mô Hình Figure đều có sẵn các nhân vật cộm cán nổi tiếng hiện nay nhé !</p><figure class=\"image\"><img src=\"https://mohinhfigure.com/wp-content/uploads/2021/08/gioi-thieu-3.jpeg\" alt=\"giới thiệu 3\"></figure><p><strong>Mời các bạn Like shop tại địa chỉ</strong></p><ul><li>Facebook : <strong>https://www.facebook.com/mohinhfiguree</strong> để luôn cập nhật sản phẩm figure mới nhanh nhất.</li><li>Hoặc ghé qua địa chỉ của Shop tại: <strong>221/7/37, Đất Thánh,P.6 , Quận Tân Bình, TP.HCM</strong>&nbsp;</li><li>Nhận ship hàng miễn phí trong nội thành Hồ Chí Minh&nbsp;(bán kính 2km) (áp dụng với đơn hàng trên 200.000).</li><li>Với các đơn hàng trên website shop sẽ gọi điện xác nhận đơn hàng và báo phí ship cho khách hàng,hàng sẽ được khi sau khi khách đồng ý với phí ship.</li><li><strong>Ship hàng COD toàn quốc</strong>, chuyển phát nhanh phí hợp lý.</li></ul><p>Chúng tôi chuyên về các loại mặt hàng mô hình – figure, nendoroid, mô hình anime</p><p>Các bạn cũng có thể order sản phẩm theo yêu cầu hoặc hình ảnh.&nbsp;</p>',4,'2023-05-26 07:19:02','2024-06-11 17:30:25','Diamond',1,32),(4,'SHONEN JUMP PHÁT TRIỂN CÔNG CỤ VIẾT MANGA AI, GÂY TRANH CÃI','uploads/Cay_-29.jpg','<p>Tạp chí truyện tranh <strong>Nhảy Shonen</strong> đã bước vào cuộc tranh luận phân cực hiện tại xung quanh sự tham gia của Trí tuệ nhân tạo vào nghệ thuật bằng cách tạo ra một công cụ mới để mangaka tạo truyện tranh bằng AI</p>','<p>&nbsp;</p><p>Tạp chí truyện tranh <strong>Nhảy Shonen+</strong> đã bước vào cuộc tranh luận phân cực hiện tại xung quanh sự tham gia của Trí tuệ nhân tạo vào nghệ thuật bằng cách tạo ra một công cụ mới để mangaka tạo truyện tranh bằng AI. Khi trí tuệ nhân tạo đã được cải thiện và các chương trình như ChatGPT trở nên tốt hơn trong việc viết như người thật, một số người lo ngại rằng điều này có thể thay thế công việc của nhiều nghệ sĩ. May mắn thay, công cụ mới của Shonen Jump+ vẫn chưa thể thay thế các mangaka, nhưng nó có thể báo trước một tương lai đáng lo ngại.</p><p>Phó tổng biên tập của Shonen Jump+ Yuta Momiyama đã tweet một liên kết đến công cụ AI mới của công ty Comic-Copilot (hay gọi tắt là Comicopa), nhằm giúp mangaka thực hiện các tác vụ đơn giản như tinh chỉnh lời thoại và tạo tên nhân vật. Mangakas có thể hỏi AI một câu hỏi hoặc đưa ra yêu cầu và Comicopa sẽ cố gắng giúp họ hết sức có thể. Trang web nhấn mạnh rằng công cụ này được dùng để hỗ trợ các mangaka chứ không phải để thay thế họ và cho đến nay điều này chắc chắn là đúng. Các khả năng hiện tại của Comicopa chắc chắn không thể tự tạo ra một bộ truyện tranh và vì vậy hiện tại chương trình này là một ví dụ khác về cách Shonen Jump + đang cố gắng hiện đại hóa ngành công nghiệp truyện tranh.</p><h2><strong>Comicopa của Shonen Jump+ sử dụng AI để làm cho việc sáng tác Manga trở nên đơn giản hơn</strong></h2><p>Phân nhánh từ tạp chí Weekly Shonen Jump, Shonen Jump+ là một tuyển tập manga kỹ thuật số có một số bộ truyện nổi tiếng nhất của Shonen Jump. Nhiều độc giả thậm chí còn coi Shonen Jump+ hay hơn Shonen Jump. Những bộ truyện tranh nổi tiếng như Spy x Family và Kaiju No. 8 đã được công chiếu lần đầu trên ấn phẩm và sê-ri Chainsaw Man cực kỳ nổi tiếng đã chuyển sang Shonen Jump+ khi nó bắt đầu phần thứ hai. Tạp chí kỹ thuật số trao cho người sáng tạo nhiều tự do hơn về cả chủ đề và lịch phát hành của họ, với nhiều sê-ri phát hành hai tuần một lần thay vì hàng tuần. Cách tiếp cận chung này trong việc điều chỉnh việc sáng tạo và phân phối manga cho phù hợp với công nghệ hiện đại khiến việc tạp chí thâm nhập vào các công cụ AI không có gì đáng ngạc nhiên ngay cả khi việc sử dụng AI trong sáng tạo nghệ thuật hiện đang gây tranh cãi.</p><p>Ngay cả khi Comicopa tiên tiến hơn đáng kể, nó vẫn không thể thay thế các mangaka của con người. Xét cho cùng, khi tác giả của One Piece, Eiichiro Oda, sử dụng ChatGPT để viết một chương giả định của bộ truyện, trong khi nó có thể nắm bắt được một số chi tiết và cốt truyện, thì phần lớn điều đó là vô nghĩa. Và ngay cả khi Comicopa có thể viết cả một chương truyện tranh, nó vẫn phải tạo ra nghệ thuật và bảng điều khiển, điều này nằm ngoài khả năng hiện tại của nó.</p><h2><strong>Comicopa của Shonen Jump+ là dấu hiệu của những điều sắp tới</strong></h2><p>Tuy nhiên, mặc dù bản thân Comicopa có thể lành tính, nhưng một số người lo ngại rằng đây có thể là bước đầu tiên trong quá trình sản xuất truyện tranh tự động lâu dài hơn. Một số độc giả thậm chí còn không thoải mái với việc tiêu thụ tác phẩm nghệ thuật chỉ được tạo ra một phần bởi AI. Nhưng khi AI trở nên phổ biến hơn trong mọi khía cạnh của cuộc sống, <strong>nhảy Shonen</strong> người hâm mộ cũng sẽ phải tính đến tác động của nó đối với ngành công nghiệp truyện tranh, với <strong>diễn viên hài</strong> chỉ là ví dụ đầu tiên.</p>',3,'2023-05-26 07:23:05','2024-05-12 15:10:28','Gold',1,9),(8,'Figure là gì? Những kiến thức cơ bản về figure','uploads/deadpool.png','<p>Nếu bạn là một người chơi figure lâu năm, bạn sẽ không lạ gì với cụm từ figure nữa. Tuy nhiên, ở Việt Nam, thú chơi figure vẫn còn khá mới mẻ và nhiều người vẫn còn hiểu sai về nó. Vậy nên hôm nay Hunters cùng mọi người sẽ điểm qua những điều cơ bản của figure nhé ^^</p>','<h3>1. <strong>Figure là gì?</strong></h3><p>Ra đời vào những năm <strong>1964</strong>, đến nay mặc dù đã trải qua hơn 50 phát triển, thế nhưng tại Việt Nam, figure vẫn còn khá lạ lẫm. Đối với nhiều người, figure chỉ như một món đồ chơi dành cho trẻ con. Tuy nhiên, đằng sau những con búp bê đắt tiền nhưng vô bổ mà mọi người vẫn thường nghĩ ấy là cả một nghệ thuật, một nền văn hóa và là thú vui sưu tầm đáng được coi trọng.</p><p><img src=\"https://kaidznguyen.github.io/clone-shoppe/img/blog/figure1.png\" alt=\"\" width=\"500\" height=\"300\"></p><p>Thú chơi figure từ những năm 80s của thế kỷ trước</p><p><img src=\"https://kaidznguyen.github.io/clone-shoppe/img/blog/figure2.png\" alt=\"\" width=\"800\" height=\"533\"></p><p>Các mô hình và phụ kiện đi kèm</p><p>Theo từ điển tiếng Anh, figure có nghĩa là nhân vật tượng trưng, hình minh họa… Bắt nguồn từ Mỹ nhưng phát triển nhờ văn hóa Otaku của Nhật Bản, ban đầu figure chỉ là những mô hình mô phỏng lại các nhân vật trong truyện tranh, manga và anime. Đến nay, bạn có thể tìm kiếm bất kỳ figure của nhân vật trong phim ảnh, thậm chí ngoài đời.</p><h3>2. <strong>Tại sao figure lại có nhiều người đam mê đến vậy?</strong></h3><p>Hầu hết các figure collectors đều là fan cứng của nhân vật trong truyên tranh/phim ảnh. Việc ngắm họ qua những trang giấy hay qua màn hình tivi tất nhiên sẽ không thú vị bằng việc có mô hình giống y nhân vật yêu thích của mình bên cạnh đúng không? Với figure, họ có thể tha hồ tạo dáng, chụp ảnh, hay xây dựng nên câu chuyện từ những mô hình ấy.</p><p><img src=\"https://kaidznguyen.github.io/clone-shoppe/img/blog/figure3.png\" alt=\"\" width=\"1080\" height=\"893\"></p><p>Một câu chuyện hài hước dựa trên figure của loạt phim Marvel nổi tiếng (Avengergram)</p><p>Figure được làm bằng sự tỉ mỉ và óc sáng tạo vô biên của người thợ, với các bộ phận và chi tiết đạt đến tiêu chuẩn y như người thật trong phim hay nhân vật trong truyện tranh. Chính bởi vậy, figure có giá thành cao hơn hẳn các đồ chơi bình thường và thường dành cho người trên 12 tuổi.</p><p><img src=\"https://kaidznguyen.github.io/clone-shoppe/img/blog/figure4.png\" alt=\"\" width=\"450\" height=\"600\"></p><p>Mô hình nhân vật nổi tiếng DC Joker của hãng Hot Toys</p><p>Mặc dù vậy, nhiều người vẫn đánh đồng figure với đồ chơi dành cho trẻ em. Có thể bởi hầu hết figure collectors đều là người trẻ, và họ sưu tầm một thứ giống như đồ chơi của trẻ con. Vậy nên họ thường không nhận được ánh mắt coi trọng của người đối diện. Nhưng cũng giống như thú vui sưu tầm tem, xe, cây cảnh…thì sưu tầm figure cũng vậy. Họ sưu tầm vì đam mê của bản thân, tạo nên một cộng đồng, một nền văn hóa không phân biệt lứa tuổi. Chính vì vậy, hơn ai hết, figure collectors là những người đáng được nhìn nhận và coi trọng.</p><p><img src=\"https://kaidznguyen.github.io/clone-shoppe/img/blog/figure5.png\" alt=\"\" width=\"800\" height=\"600\"></p><p>Các figures được làm theo các nhân vật anime/manga Nhật Bản</p><h3>3. <strong>Phân loại figure</strong></h3><p>Hiện nay, có rất nhiều cách để phân loại figure. Tuy nhiên, Hunters chỉ phân thành 3 loại cơ bản là Action Figure (Figure động – có thể điều chỉnh, cử động tạo dáng), Scale Figure (Figure tĩnh – không thể điều chỉnh, chỉ để trưng bày) và loại chibi (đầu to, thân nhỏ, phong cách dễ thương).</p><p><img src=\"https://kaidznguyen.github.io/clone-shoppe/img/blog/figure6.png\" alt=\"\" width=\"640\" height=\"400\"></p><p>Figure chibi của nhân vật DC nổi tiếng: Harley Quinn</p><p>Như vậy, Figure Store đã tổng hợp vài kiến thức cơ bản về figure. Hy vọng sau bài viết này, các bạn sẽ hiểu hơn về figure và thú chơi figure. Bài viết có tham khảo từ các nguồn thông tin và ảnh trên mạng nên vẫn còn nhiều thiếu sót. Xin hãy góp ý và bình luận phía dưới bài viết để chúng mình sửa đổi và cập nhật nhé!</p>',4,'2024-03-07 14:33:45','2024-05-12 15:11:06','nhat',1,8),(11,'Spy x Family vừa tiết lộ câu chuyện tình yêu hay nhất của mình và đó không phải là Loid và Yor','uploads/Spy-x-Family.jpg','<p>Chuyện tình bi thảm của Martha và Henry được giải thích đầy đủ trong chap Spy x Family #99. Henry được miêu tả là người tan vỡ, phản ánh hậu quả của chiến tranh đối với câu chuyện tình yêu của họ. Mối quan hệ của Martha và Henry trái ngược với mối quan hệ của Loid và Yor, kết thúc đau lòng.</p><p><strong>Điệp viên x Gia đình</strong> là trải nghiệm đọc và xem nhiều lớp dành cho người hâm mộ, mang đến cốt truyện gián điệp ly kỳ và một trong những mối tình lãng mạn bi thảm nhất năm 2024 với Henry Henderson và Martha Marriott. Cả hai là những cặp tình nhân bất hạnh gặp nhau khi còn nhỏ khi học tại Học viện Eden ở Berlint, nhưng chiến tranh đã chia cắt họ. Kết quả là người hâm mộ chấn động tận xương tủy trước những sự kiện của Spy x Family chap #99, <strong>điều này giải thích cặn kẽ tại sao cặp đôi này không đến được với nhau</strong>.</p>','<p>Với Spy x Family tiếp tục đi sâu vào câu chuyện hậu trường của các nhân vật, <strong>Câu chuyện tình yêu của Henry và Martha là một trong nhiều cuộc khám phá được thêm vào trong Đặc vụ Chạng vạng.</strong> và bây giờ là Donovan Desmond. Nó mang lại trải nghiệm đọc hai tuần một lần hấp dẫn, nơi người đọc tiếp thu từng mẩu thông tin mới khi lịch sử cuộc chiến của Ostania và Westalis mở rộng.</p><p>Nhưng hiện tại, khi Spy x Family đến gần chap #100, mọi con mắt đều đổ dồn vào mối tình lãng mạn cam go của Henry và Martha, điều này cuối cùng đã làm lu mờ cả mối quan hệ giữa Loid và Yor.</p><h2>Chuyện tình lãng mạn của Martha và Henry của Spy x Family là câu chuyện tình bi thảm nhất năm 2024</h2><h3>Phần mới nhất cho thấy Henry là một người đàn ông tan vỡ</h3><p>Tiếp nối từ chap #97-98 của Spy x Family, câu chuyện của Martha và Henry tiếp tục ở chap #99, với tổn thất do chiến tranh cuối cùng đã đến trước cửa nhà họ. <strong>Cuối cùng, Martha đã khiêu vũ với Henry và có cơ hội nói với anh rằng cảm xúc của cô đã bị lãng phí khi tiếng còi báo động khiến cả nhóm hoảng sợ.</strong>. Các trang tiếp theo dẫn đến việc cô ấy nhanh chóng bị triển khai trước khi có thể thú nhận tình cảm của mình, trong một khoảnh khắc nhắc nhở người đọc một lần nữa rằng Spy x Family không chỉ đơn giản là một bộ phim hài.</p><p>Henry được thể hiện trong tình trạng suy sụp, vô cùng mong muốn Martha quay lại và rõ ràng là rất đau khổ khi nghĩ rằng cô ấy đã chết.</p><p>Các trang tiếp theo theo dõi cả hai khi họ chia sẻ một bức thư dài, trong đó Martha cố gắng truyền đạt tình yêu của mình dành cho Henry và Henry dần dần nhận ra tình cảm của anh ấy. Mọi thứ trở nên tồi tệ hơn khi Henry biết được kế hoạch cử những người phụ nữ như Martha trực tiếp tham gia chiến đấu, và câu chuyện trở nên mang tính chất bi ca hơn. <strong>Henry được thể hiện trong tình trạng suy sụp, vô cùng mong muốn Martha quay lại và rõ ràng là rất đau khổ khi nghĩ rằng cô ấy đã chết.</strong> Đó là một chap tàn bạo và là một trong những chap giàu cảm xúc nhất trong toàn bộ bộ truyện.</p><h2>Spy x Family giải thích lý do tại sao Martha và Henry không đến được với nhau</h2><h3>Nó buồn hơn bất cứ ai dự đoán</h3><p>Trong khi Martha thực sự sống sót mặc dù bị đưa vào chiến đấu, cô ấy bị thương và được đưa vào bệnh viện ở đâu đó dọc biên giới Ostania và Westalis. Cha của Henry đối mặt với anh ta, nhắc nhở anh ta rằng những người bạn đời tương lai của anh ta đang rời xa do sự bộc phát công khai của anh ta và người phụ nữ sẽ trở thành vợ anh ta không phải là Martha, mà là một người bạn đời bị ép buộc anh ta. Khoảnh khắc anh ấy kết hôn, câu chuyện chuyển sang cảnh Martha tỉnh dậy trong quá trình hồi phục, trả lời một cách thuyết phục tại sao câu chuyện tình yêu này không có một kết thúc có hậu trong Spy x Family.</p><p>Mặc dù Henry dường như không gặp vấn đề gì trong hôn nhân hoặc bất kỳ hình thức đau khổ nào trong những năm hiện tại, nhưng đây là một tổn thương chưa được giải quyết và là một điểm nhức nhối. Để nó được khám phá trong Spy x Family chap #97 sau khi anh ấy và Martha cùng khiêu vũ chắc chắn là rất đau đớn, vì <strong>nó có thể sẽ không mang lại sự lãng mạn cho cặp đôi, nhưng nó mang đến những góc nhìn mới về mặt trận Ostanian của cuộc chiến</strong>. Thay vì câu chuyện của Twilight, nơi anh mất tất cả vào cỗ máy chiến tranh không ngừng nghỉ, cơ hội có được tình yêu đích thực của Henry dường như đã bị tước đoạt khỏi tay anh như cái giá phải trả cho việc không tham gia.</p><h2>Câu chuyện tình yêu của Martha và Henry là nghịch đảo của Loid và Yor</h2><h3>Trong khi các nhân vật có điểm tương đồng trong Spy x Family, số phận của họ lại đối lập nhau</h3><p>Mối quan hệ của Loid và Yor liên tục được dựng lên để gây cười trong Spy x Family, với tính cách dịu dàng của Loid che đậy một cách không hiệu quả những cảm xúc trái chiều của anh ấy đối với Yor, xen kẽ với sự vụng về trong lãng mạn của Yor. <strong>Họ đang trong một cuộc hôn nhân thuận lợi, che giấu cuộc sống hai mặt của mình </strong>dưới sự cải trang của một cặp vợ chồng bình thường cùng với con gái nuôi của họ, Anya. Theo nghĩa này, những gì mang họ đến với nhau phần lớn là hương thơm, trong khi tình cảm chung của Martha và Henry không bao giờ được truyền đạt trọn vẹn, khiến họ phải xa nhau mãi mãi.</p><p>Loid cống hiến hết mình cho sứ mệnh và mặc dù đánh giá cao Yor nhưng cuối cùng vẫn sống dối trá. <strong>Đồng thời, Henry có khả năng sống dối trá và không bao giờ có thể bày tỏ bản thân với Martha.</strong>. Loid và Henry đều là những quý ông dè dặt, tính toán, che giấu tình trạng hỗn loạn nội tâm và coi thường chiến tranh, trong khi Yor và Martha là những chiến binh dũng mãnh nhưng không thể nói ra sự thật của mình khi đến thời điểm cần thiết. Câu chuyện đã đưa Loid và Yor đến với nhau bằng sự giả tạo cũng chính là câu chuyện đã ngăn cản tình yêu của Martha và Henry có một kết thúc có hậu trong tương lai. <strong>Điệp viên x Gia đình.</strong></p><p><br>&nbsp;</p>',3,'2024-06-11 17:22:03','2024-06-11 17:22:33','nhat240601@gmail.com',1,0),(12,'Vòng xoắn Luffy lớn nhất của One Piece đã được báo trước sớm hơn rất nhiều so với những gì người hâm mộ nghĩ','uploads/Vong-xoan-Luffy-lon-nhat-cua-One-Piece-da-duoc.jpg','<p>Danh tính của Luffy với tư cách là người kế vị Joyboy đã gây sốc cho người hâm mộ, ám chỉ vai trò quan trọng của anh trong cuộc chiến chống lại Chính phủ Thế giới. Việc huấn luyện Luffy của Rayleigh có thể bị ảnh hưởng bởi hiểu biết của ông về mối liên hệ của Luffy với lý tưởng của Joyboy và Roger. Oda báo trước một cách tinh tế các sự kiện, ám chỉ tầm quan trọng của Luffy thông qua sự quan tâm của Rayleigh và những bí mật của băng hải tặc Roger.</p><p><strong>Luffy là người kế vị Joyboy</strong> có lẽ là một trong những bước ngoặt lớn nhất trong <strong>Một miếng</strong> loạt truyện tranh. Việc biết rằng nhân vật chính của câu chuyện có mối liên hệ với Chiến binh Giải phóng bí ẩn đã thay đổi cách hiểu của người hâm mộ về câu chuyện do Eiichiro Oda tạo ra. Tuy nhiên, Oda có thể đã bóng gió về mối liên hệ này từ lâu trước khi Gear 5 của Luffy được tiết lộ.</p>','<p>Trong chap #1116 của manga, có tiết lộ rằng Rayleigh và phần còn lại của băng hải tặc Roger đã biết về việc thế giới trong bộ truyện đang bị ngập lụt, như Joyboy đã tiết lộ điều này trong tin nhắn mà anh ấy để lại trong Laugh Tale. Điều này có thể ám chỉ rằng mong muốn giúp Luffy trở nên mạnh mẽ hơn của anh được thúc đẩy bởi sự hiểu biết của anh về vai trò của Đội trưởng Mũ Rơm trong cuộc chiến chống lại Chính phủ Thế giới.</p><h2>Rayleigh có thể đã biết Luffy có vai trò quan trọng trong kế hoạch của Joyboy</h2><h3>Luffy là người kế nhiệm Joyboy có thể sẽ khiến Rayleigh quan tâm</h3><p>Sau thất bại nặng nề mà băng Mũ Rơm phải gánh chịu trong phần Chiến tranh Marineford của manga One Piece, <strong>Rayleigh chọn huấn luyện Luffy trở nên mạnh mẽ hơn</strong>. Vua Hắc Ám, danh hiệu Rayleigh có được khi là chỉ huy thứ hai của Roger, rất ấn tượng trước quyết tâm và mong muốn trở thành Vua Hải Tặc tiếp theo của Luffy. Tuy nhiên, cũng có khả năng người đàn ông lớn tuổi này đã biết danh tính của Luffy là người kế vị Joyboy. Băng hải tặc Roger là thủy thủ đoàn duy nhất được biết đến đã đến Laugh Tale, hòn đảo cuối cùng trên thế giới nơi Joyboy giấu kho báu của mình.</p><p>Lần đầu tiên Luffy học cách sử dụng Haki dưới sự hướng dẫn của Rayleigh.</p><p>Trong nhiều năm, sự thật về thứ mà tên cướp biển đầu tiên chọn ẩn náu trên hòn đảo này vẫn là một bí ẩn. Tuy nhiên, ở chap #1116, Vegapunk đã tiết lộ rằng bên trong Laugh Tale chính là lịch sử của thế kỷ trống rỗng, cũng như lý do khiến Joyboy không tiêu diệt được những Ancient Weapon mạnh mẽ và nguy hiểm. Rayleigh, là một trong số ít người biết về thông tin này, có thể đã nhận thức được tầm quan trọng của Luffy đối với kế hoạch của Warrior of Freedom. Quá trình huấn luyện khắc nghiệt của anh được tạo ra để chuẩn bị cho Luffy trước nhiều khó khăn mà anh sẽ gặp phải.</p><h2>Luffy xứng đáng được Rayleigh huấn luyện dù thế nào đi chăng nữa</h2><h3>Đội trưởng Mũ Rơm chắc hẳn đã gây ấn tượng với Rayleigh vì anh ta giống Roger đến mức nào.</h3><p>Trong khi Oda có thể lợi dụng sự quan tâm của Rayleigh dành cho Luffy để báo trước tầm quan trọng của cậu ta, danh tính của Thuyền trưởng Mũ Rơm không phải là điều khiến Rayleigh quan tâm. Điều đầu tiên thúc đẩy Vua bóng tối huấn luyện Luffy là quyết tâm trở thành Vua hải tặc mới, cũng như hành động chống lại lũ Thiên Long độc ác. Thuyền trưởng Mũ Rơm là hiện thân sống động cho lý tưởng của Joyboy và Roger, là một chiến binh cao thượng mang đến niềm vui và tự do cho bất cứ ai cần nó. Rayleigh lẽ ra đã huấn luyện Luffy đơn giản chỉ vì chàng trai trẻ này rất giống người bạn thân quá cố của mình.</p><p>Các sự kiện trong chap #1116 của One Piece đã thay đổi nhận thức về băng hải tặc Roger, vì lý do đằng sau việc họ che giấu bí mật của Joyboy vẫn còn là một bí ẩn. Họ có thể cố tình giữ lại nó như một phương tiện để bảo vệ Joyboy mới. Một trong những khả năng ấn tượng nhất của Oda là cách ông tiên đoán một cách tinh tế các sự kiện trong bộ truyện của mình. Danh tính của Luffy và mối liên hệ của anh với Rayleigh có thể là một trong những <strong>Một miếng</strong>những tiết lộ được ẩn giấu một cách tài tình của người sáng tạo.</p><p><br>&nbsp;</p>',3,'2024-06-11 17:24:52','2024-06-11 17:24:52','GOLD',1,0),(13,'Suicide Squad Isekai Ngày phát hành tiếng Anh và trang chủ phát trực tuyến được tiết lộ','uploads/Suicide-Squad-Isekai-Ngay-phat-hanh-tieng-Anh-va-trang.jpg','<p>Người hâm mộ DC và isekai của Mỹ sẽ được xem sớm Suicide Squad Isekai vào ngày 27 tháng 6 năm 2024. Người xem ở phương Tây có thể xem các tập hàng tuần cho đến ngày 15 tháng 8 năm 2024, trước Nhật Bản. Bộ phim hoạt hình phiêu lưu hành động tập trung vào các nhân vật phản diện của DC trong một thế giới giả tưởng, tạo ra sự tàn phá.</p>','<p>Những người hâm mộ DC và những người đam mê isekai ở Hoa Kỳ sẽ sớm được thưởng thức những tin tức mới nhất về <strong>Biệt đội cảm tử Isekai</strong> ngày phát hành phim hoạt hình. Đối với những khán giả Mỹ đăng ký dịch vụ phát trực tuyến Max hoặc Hulu, <strong>ba tập đầu tiên của Suicide Squad Isekai sẽ ra mắt sớm vào ngày 27 tháng 6 năm 2024</strong>.</p><p>Thông tin này xuất phát trực tiếp từ thông cáo báo chí của dự án khi Anime News Network chuyển tiếp. Điều này có nghĩa là những người hâm mộ muốn xem bộ phim có thể xem sớm hơn một tuần rưỡi so với ngày phát sóng đầu tiên tại Nhật Bản vào ngày 5 tháng 7 năm 2024, với khán giả ở phương Tây xem tập tiếp theo vào ngày 4 tháng 7 (ngày 5 tháng 7 tại Nhật Bản), với các phần trả góp hàng tuần sau đó.</p><h2>Người hâm mộ Isekai của Suicide Squad ở Hoa Kỳ có được quyền truy cập phát trực tuyến nâng cao</h2><h3>Một bước ngoặt đáng ngạc nhiên so với các bản phát hành Anime điển hình</h3><p>Ngoài ba tập đầu tiên của Suicide Squad Isekai ra mắt vào ngày 27 tháng 6 năm 2024, họ sẽ không phải đợi người khác theo kịp, <strong>với các phần trả góp hàng tuần cho đến tập #10 vào ngày 15 tháng 8 năm 2024.</strong> Mặc dù người hâm mộ vẫn chưa biết gì về các khía cạnh khác của loạt phim, bao gồm bất kỳ điều gì về bản lồng tiếng Anh và liệu một đô vật mang tính biểu tượng nào đó có cho mượn giọng nói của mình cho Peacemaker hay không, đây vẫn là một tin tức thú vị không thể phủ nhận đối với <strong>Biệt đội cảm tử Isekai</strong>.</p><p>Nguồn: Mạng tin tức Anime</p>',3,'2024-06-11 17:25:49','2024-06-11 17:25:49','test',1,0),(14,'Mùa mới nhất của Demon Slayer không chỉ chuyển thể từ Manga mà còn cải thiện nó','uploads/Mua-moi-nhat-cua-Demon-Slayer-khong-chi-chuyen-the.jpg','<p>Mùa mới của Demon Slayer gây ấn tượng khi bổ sung thêm nội dung anime gốc giúp nâng cao chiều sâu câu chuyện và phát triển nhân vật. Ufotable định nghĩa lại nội dung phụ bằng những cảnh đầy cảm xúc và nêu bật cuộc đấu tranh của các Hashiras trong Phần huấn luyện của Sát thủ quỷ. Phần đào tạo Hashira mang đến những điều bất ngờ khi bổ sung thêm các cảnh anime gốc, cải thiện cách kể chuyện và thể hiện sự phát triển của nhân vật.</p><p>Mùa giải mới rất được mong đợi của <strong>Sát quỷ</strong>các <strong>Phần huấn luyện Hashira</strong>, cuối cùng cũng được phát sóng, mang đến hết tập phim ngoạn mục này đến tập phim khác. Câu chuyện của phần này tập trung vào việc huấn luyện các thợ săn quỷ của Hashira để chuẩn bị cho trận chiến cuối cùng chống lại nhân vật phản diện cuối cùng của Kẻ giết quỷ, Kibutsuji Muzan. Ufotable đang thực thi công lý cho manga Demon Slayer của Koyoharu Gotouge một lần nữa, nhưng lần này bằng cách không hoàn toàn trung thành với nó và thêm nội dung gốc thực sự đang cải thiện câu chuyện, trái ngược với những gì hầu hết “phụ” làm.</p>','<p>Ufotable một lần nữa vượt lên trên tất cả trong việc chuyển thể phần mới nhất của Kẻ giết quỷ và chứng minh rằng họ có thể nâng cao ngay cả những lĩnh vực tốt nhất của bộ truyện. Những fan đã đọc manga <strong>sợ rằng Phần huấn luyện Hashira sẽ ngắn</strong> xem xét việc ‘thiếu’ nội dung trong phần cụ thể này.</p><p>Nhưng Ufotable đã đưa ra một giải pháp đáng ngạc nhiên cho nội dung ngắn gọn được coi là của phần này bằng cách thêm nội dung anime gốc mà người hâm mộ không biết rằng họ muốn cho đến khi họ nhìn thấy nó. Mặc dù có những lo ngại về việc thêm các cảnh anime gốc vào phần mới nhất của Demon Slayer, do lịch sử nội dung anime gốc thường kém chất lượng, Ufotable đang xác định lại quan điểm của mình.</p><h2>Mùa mới nhất của Demon Slayer xác định lại khái niệm về nội dung gốc của Anime</h2><h3>Ufotable tăng cường độ sâu của ngay cả những cảnh nhỏ nhất.</h3><p>Phần huấn luyện Sát quỷHashira Tập #3, “Tanjiro đã hồi phục hoàn toàn tham gia khóa huấn luyện Hashira” chỉ dựa trên một trang rưỡi của manga. Điều đó có nghĩa là phần còn lại của tập đều là các cảnh gốc anime của Ufotable và hãng phim đã không đi chệch khỏi con đường tạo ra chất lượng nhất quán ngay cả trong tập này, <strong>có thể được coi là chất độn</strong>. Trên thực tế, tập phim này kết thúc như một chuyến đi tàu lượn siêu tốc đầy cảm xúc với Hashira trên tàu.</p><p>Trong manga, quá trình huấn luyện của Tanjiro dưới sự hướng dẫn của Tengen Uzui chỉ dài một trang rưỡi. Nhưng trong tập này, nó đã được mở rộng để làm nổi bật cuộc đấu tranh cảm xúc của Tengen sau khi nghỉ hưu và các kỹ năng nâng cao của Tanjiro sau các trận chiến với Ác quỷ cấp cao. Đặc biệt, tập phim này đóng vai trò <strong>lời chia tay chân thành để kết thúc arc nhân vật Uzui</strong> trong khi manga đã làm điều đó rất đột ngột.</p><p>Uzui tỏ ra hối hận vì đã rời bỏ trung đoàn Hashira, và điều này còn được thể hiện rõ khi các vợ anh kể về cơn ác mộng của Uzui. Mặc dù manga hoàn toàn không có phản ứng cảm xúc nào của Tengen, nhưng Ufotable đã cố gắng hết sức để kết thúc vòng cung nhân vật của Sound Hashira bằng cách để anh ta truyền ngọn đuốc cho thế hệ tương lai của Quân đoàn Sát quỷ. Mặc dù quyết tâm đào tạo thế hệ tiếp theo của Uzui là điểm nổi bật của tập này, nhưng Ufotable đã nhìn thấy cơ hội này để mở rộng sang các Hashiras khác.</p><h2>Phần mới nhất của Demon Slayer hoàn toàn xoay quanh nội dung gốc của Anime</h2><p>Ngoài việc làm nổi bật những cuộc đấu tranh cảm xúc của Uzui, Phần huấn luyện Hashira sát quỷ còn kể về cuộc đấu tranh của các Hashira khác. Ví dụ, có một đoạn hồi tưởng anime gốc đáng ngạc nhiên khi thấy Tanjiro và Giyu Tomioka trong một cuộc thi ăn uống. Water Hashira dường như đã từ bỏ cuộc thi và tự mình đưa ra quyết định tham gia trung đoàn huấn luyện, thay vì bị Tanjiro ép buộc. Mặc dù Tanjiro đóng vai trò là chất xúc tác để Giyu đưa ra quyết định đúng đắn, nhưng sự lựa chọn của Water Hashira cuối cùng là của riêng anh, tạo thêm chiều sâu và sự phát triển cho tính cách tổng thể của anh.</p><p>Cho đến thời điểm hiện tại, mùa mới nhất của Demon Slayer đã có nhiều cảnh anime gốc hơn và cải thiện cốt truyện dựa trên đó bằng cách bổ sung thêm chiều sâu cho Hashira. Nhìn chung, đây là một cách tuyệt vời để <strong>Sát quỷ</strong> anime bao gồm một phần chuyển tiếp từ manga và điều đó chỉ có thể thực hiện được nhờ khả năng của Ufotable trong việc xác định lại ý nghĩa của “phụ” và nội dung gốc trong anime.</p><p><br>&nbsp;</p>',3,'2024-06-11 17:26:37','2024-06-11 17:26:37','nhat240601@gmail.com',1,0),(15,'Bản quét thô và tiết lộ nội dung của One Piece 1117: Chap trình phát sóng kết thúc?','uploads/Ban-quet-tho-va-tiet-lo-noi-dung-cua-One.png','<p>Kỳ nghỉ kết thúc và chúng ta quay trở lại với những tác phẩm viễn tưởng đỉnh cao. Bản scan thô của One Piece 1117 sẽ sớm ra mắt, nhưng trước đó, chúng tôi có một số tiết lộ ngắn gọn. Chap 1117 chính thức dự kiến ​​​​sẽ được phát hành vào ngày 17 tháng 6 năm 2024, lúc 12 giờ sáng JST. Chúng ta hãy xem thêm chi tiết về chap sắp tới.</p>','<h2>Tiết lộ nội dung, rò rỉ và bản quét thô của One Piece 1117</h2><p>Bản quét thô của One Piece 1117 và bản tóm tắt đầy đủ sẽ được cập nhật tại đây sau khi chúng được phát hành. Không có thời gian nghỉ vào tuần tới.</p><p>Trên trang bìa lần này, chúng ta có hình ảnh Yamato đến thăm Hyogoro và Nekomamushi. Chap này bắt đầu với nhiều phản ứng hơn từ người dân trên đảo Hachinosu.</p><h3>Cùng<strong>chủ đề</strong></h3><h3><a href=\"https://otakugo.net/boruto-two-blue-vortex-treu-choc-khoanh-khac-quan-trong-cua-sarada-160213.og\"><strong>Boruto Two Blue Vortex trêu chọc khoảnh khắc quan trọng của Sarada</strong></a></h3><h3><a href=\"https://otakugo.net/spy-x-family-vua-tiet-lo-cau-chuyen-tinh-yeu-hay-nhat-cua-minh-va-do-khong-phai-la-loid-va-yor-160209.og\"><strong>Spy x Family vừa tiết lộ câu chuyện tình yêu hay nhất của mình và đó không phải là Loid và Yor</strong></a></h3><h3><a href=\"https://otakugo.net/vong-xoan-luffy-lon-nhat-cua-one-piece-da-duoc-bao-truoc-som-hon-rat-nhieu-so-voi-nhung-gi-nguoi-ham-mo-nghi-160207.og\"><strong>Vòng xoắn Luffy lớn nhất của One Piece đã được báo trước sớm hơn rất nhiều so với những gì người hâm mộ nghĩ</strong></a></h3><p>Chúng tôi có thể thấy các thành viên kiếm đang hồi phục trong bệnh viện. Tashigi được thấy đang nói chuyện với Smoker. Anh cũng đang đi bệnh viện.</p><p>Cuối cùng, Zoro sẽ là người chiến đấu chống lại Nasjuro. Trưởng lão đã có thể nhận ra Kitetsu Blade của Zoro.</p><p>Trong khi đó, những trưởng lão còn lại đang vây quanh con robot cổ đại. Vegapunk có một thông điệp dành cho những người mang chữ D. trong tên của họ. Chúng ta nhìn thấy các tấm hình Sabo, Rồng, Râu Đen và những người khác.</p><p>Các trưởng lão tấn công người máy cổ đại và chap trình phát sóng kết thúc sớm.</p><p>Phần tiết lộ của Pewpie và SecretSauce2024.</p><figure class=\"image\"><img style=\"aspect-ratio:1024/576;\" src=\"https://otakugo.net/wp-content/uploads/2024/06/Ban-quet-tho-va-tiet-lo-noi-dung-cua-One.webp.webp\" alt=\"Bản scan thô của One Piece 1117\" width=\"1024\" height=\"576\"></figure><p>Imu fan art từ One Piece của @_tissine trên Twitter/X</p><h2>Ngày phát hành chap 1117</h2><p>Manga One Piece 1117 dự kiến ​​phát hành vào ngày 17 tháng 6 năm 2024, lúc 12 giờ sáng JST.</p><h2>Nơi người hâm mộ có thể đọc One Piece 1117</h2><p>Người hâm mộ và độc giả có thể đọc và thưởng thức bộ truyện tranh One Piece 1117 chỉ có trên tạp chí Jump, Viz Media và Manga Plus.</p><p>Hình ảnh nổi bật là một tác phẩm nghệ thuật dành cho người hâm mộ được thực hiện bởi @ripped1taliano trên Twitter/X, hãy xem anh ấy!</p><p>Theo dõi chúng tôi trên Twitter, Reddit và Facebook để biết thêm các nội dung liên quan đến anime, manga, manhwa và giải trí.</p>',3,'2024-06-11 17:27:56','2024-06-11 17:31:56','GOLD',1,1),(16,'Tác giả số 8 Kaiju cho biết ông có được thành công của bộ truyện nhờ tác giả Tabata của Black Clover','uploads/Kaiju-No-8-Author-Says-He-Owes-The-Success-Of.jpg','<p>Năm hiện tại tượng trưng cho sự đột phá của Kaiju số 8. Vào đầu năm 2024, người hâm mộ trên toàn cầu đã được đón xem màn ra mắt mang tính lịch sử của bộ anime được phát sóng theo thời gian thực từ Nhật Bản. Kể từ khi ra mắt, Kaiju số 8 đã khiến người xem say mê hết tuần này qua tuần khác.</p><p>Trong một cuộc phỏng vấn gần đây tại Nhật Bản, tác giả bộ truyện Naoya Matsumoto đã chia sẻ về nguồn gốc của bộ manga đình đám của mình. Matsumoto tiết lộ rằng Kaiju số 8 bắt đầu từ sự cay đắng và tuyệt vọng.</p>','<p>Thất vọng vì những khó khăn về tài chính và chứng kiến ​​bạn bè mình thành công trên các tạp chí manga, Matsumoto đã truyền tải những cảm xúc này vào câu chuyện của mình về Kafka, một thanh niên ba mươi tuổi đang đấu tranh để đạt được ước mơ của mình.</p><p>Điều thú vị là Matsumoto đã đề cập đến một số người bạn thành công của mình trong ngành, bao gồm Yuki Tabata (Black Clover), Toshiaki Iwashiro (Psyren) và Ryuhei Tamura (Beelzebub). Mặc dù có một thời gian dài hoạt động trong lĩnh vực manga nhưng Matsumoto không đạt được thành công chủ đạo cho đến tận Kaiju số 8.</p><figure class=\"image image-style-side\"><img style=\"aspect-ratio:2560/1440;\" src=\"https://otakugo.net/wp-content/uploads/2024/06/1718082437_788_Kaiju-No-8-Author-Says-He-Owes-The-Success-Of.jpg\" alt=\"\" width=\"2560\" height=\"1440\"></figure><p>Kể từ khi manga ra mắt, Kaiju số 8 đã trở nên nổi tiếng và việc chuyển thể anime chỉ càng làm tăng thêm thành công của nó. Matsumoto bày tỏ rằng cuối cùng anh cũng cảm thấy mình có thể sánh ngang với những người bạn thành công trong ngành.</p><p>Nếu bạn chưa xem Kaiju số 8, Matsumoto khuyên bạn nên thử! Loạt phim khoa học viễn tưởng hiện có sẵn để phát trực tuyến trên X (Twitter) và Crunchyroll.</p>',3,'2024-06-11 17:29:12','2024-06-11 17:31:04','nhat240601@gmail.com',1,1);
/*!40000 ALTER TABLE `post` ENABLE KEYS */;
UNLOCK TABLES;

--
-- Table structure for table `post_category`
--

DROP TABLE IF EXISTS `post_category`;
/*!40101 SET @saved_cs_client     = @@character_set_client */;
/*!50503 SET character_set_client = utf8mb4 */;
CREATE TABLE `post_category` (
  `id_cate` int NOT NULL AUTO_INCREMENT,
  `name_cate` varchar(255) NOT NULL,
  `description_cate` text,
  `created_at` timestamp NOT NULL DEFAULT CURRENT_TIMESTAMP,
  `updated_at` timestamp NOT NULL DEFAULT CURRENT_TIMESTAMP ON UPDATE CURRENT_TIMESTAMP,
  `status` tinyint(1) DEFAULT NULL,
  PRIMARY KEY (`id_cate`)
) ENGINE=InnoDB AUTO_INCREMENT=33 DEFAULT CHARSET=utf8mb4 COLLATE=utf8mb4_0900_ai_ci;
/*!40101 SET character_set_client = @saved_cs_client */;

--
-- Dumping data for table `post_category`
--

LOCK TABLES `post_category` WRITE;
/*!40000 ALTER TABLE `post_category` DISABLE KEYS */;
INSERT INTO `post_category` VALUES (3,'Tin tức anime','Tin tức về anime','2023-05-25 01:15:29','2024-02-27 14:51:00',1),(4,'Hướng dẫn và giới thiếu','Hướng dẫn và giới thiệu về các thông tin cửa hàng và giới thiệu về mô hình','2023-05-25 01:16:26','2024-02-27 14:51:00',1);
/*!40000 ALTER TABLE `post_category` ENABLE KEYS */;
UNLOCK TABLES;

--
-- Table structure for table `review_figure`
--

DROP TABLE IF EXISTS `review_figure`;
/*!40101 SET @saved_cs_client     = @@character_set_client */;
/*!50503 SET character_set_client = utf8mb4 */;
CREATE TABLE `review_figure` (
  `id_comment` int NOT NULL AUTO_INCREMENT,
  `name_com` varchar(100) DEFAULT 'Người dùng ẩn danh',
  `comment_mes` text NOT NULL,
  `figure_id` int NOT NULL,
  `created_at` timestamp NOT NULL DEFAULT CURRENT_TIMESTAMP,
  `updated_at` timestamp NOT NULL DEFAULT CURRENT_TIMESTAMP ON UPDATE CURRENT_TIMESTAMP,
  `email` varchar(100) DEFAULT NULL,
  `parentID` int DEFAULT '0',
  PRIMARY KEY (`id_comment`),
  KEY `figure_id` (`figure_id`),
  CONSTRAINT `review_figure_ibfk_1` FOREIGN KEY (`figure_id`) REFERENCES `figure` (`id`) ON DELETE CASCADE
) ENGINE=InnoDB AUTO_INCREMENT=38 DEFAULT CHARSET=utf8mb4 COLLATE=utf8mb4_0900_ai_ci;
/*!40101 SET character_set_client = @saved_cs_client */;

--
-- Dumping data for table `review_figure`
--

LOCK TABLES `review_figure` WRITE;
/*!40000 ALTER TABLE `review_figure` DISABLE KEYS */;
INSERT INTO `review_figure` VALUES (32,'Người dùng ẩn danh','<p>Tôi muốn mua mẫu này quá, mà hết hàng mất rồi :((</p>',58,'2024-03-28 14:42:06','2024-03-28 14:42:06','Binh12@gmail.com',0),(33,'wibu never die','<p>Boa slayyyy</p>',31,'2024-03-28 16:00:08','2024-03-28 16:00:08','danh@gmail.com',0),(34,'wibu never die','<p>mô hình đẹp ghê &lt;3</p><p>&nbsp;</p>',5,'2024-05-07 14:27:57','2024-05-07 14:27:57','cua123@gmail.com',0),(35,'Hữu A','<p>đẹp ghê</p>',58,'2024-05-29 14:09:14','2024-05-29 14:09:14','Huu@gmail.com',0),(37,'Người dùng ẩn danh','<p>đẹp ghê</p>',22,'2024-06-11 15:53:37','2024-06-11 15:53:37','test@gmail.com',0);
/*!40000 ALTER TABLE `review_figure` ENABLE KEYS */;
UNLOCK TABLES;

--
-- Table structure for table `user`
--

DROP TABLE IF EXISTS `user`;
/*!40101 SET @saved_cs_client     = @@character_set_client */;
/*!50503 SET character_set_client = utf8mb4 */;
CREATE TABLE `user` (
  `id_us` int NOT NULL AUTO_INCREMENT,
  `username` varchar(255) NOT NULL,
  `password_hash` varchar(255) NOT NULL,
  `email` varchar(255) NOT NULL,
  `role` enum('user','admin','staff') NOT NULL DEFAULT 'user',
  `created_at` timestamp NOT NULL DEFAULT CURRENT_TIMESTAMP,
  `updated_at` timestamp NOT NULL DEFAULT CURRENT_TIMESTAMP ON UPDATE CURRENT_TIMESTAMP,
  `status` tinyint(1) DEFAULT '1',
  `name` varchar(255) DEFAULT NULL,
  PRIMARY KEY (`id_us`)
) ENGINE=InnoDB AUTO_INCREMENT=17 DEFAULT CHARSET=utf8mb4 COLLATE=utf8mb4_0900_ai_ci;
/*!40101 SET character_set_client = @saved_cs_client */;

--
-- Dumping data for table `user`
--

LOCK TABLES `user` WRITE;
/*!40000 ALTER TABLE `user` DISABLE KEYS */;
INSERT INTO `user` VALUES (14,'admin','$2a$10$HJjVNWXT6/YmVeKxG6qrHuvOGPNPTtSFo2VhiRGFxdax3XYwFSSZS','admin@gmail.com','admin','2024-05-24 09:38:10','2024-06-11 16:22:03',1,'admin trang'),(16,'Hữu A','$2a$10$E2L6Sifz1NVOMqmBgcJJM.6frrJMt77.gw1O6q6bem4LJvbhZnUr.','Huu@gmail.com','user','2024-05-26 08:37:38','2024-06-10 13:08:01',1,'Nguyễn Hữu A');
/*!40000 ALTER TABLE `user` ENABLE KEYS */;
UNLOCK TABLES;
/*!40103 SET TIME_ZONE=@OLD_TIME_ZONE */;

/*!40101 SET SQL_MODE=@OLD_SQL_MODE */;
/*!40014 SET FOREIGN_KEY_CHECKS=@OLD_FOREIGN_KEY_CHECKS */;
/*!40014 SET UNIQUE_CHECKS=@OLD_UNIQUE_CHECKS */;
/*!40101 SET CHARACTER_SET_CLIENT=@OLD_CHARACTER_SET_CLIENT */;
/*!40101 SET CHARACTER_SET_RESULTS=@OLD_CHARACTER_SET_RESULTS */;
/*!40101 SET COLLATION_CONNECTION=@OLD_COLLATION_CONNECTION */;
/*!40111 SET SQL_NOTES=@OLD_SQL_NOTES */;

-- Dump completed on 2024-06-12  0:43:12
